search_id,doc1,doc2,doc3,doc4,doc5
80b31f06-c2b9-45ba-8f28-b10f833c62c3,lKTzaWkNWU3mB6E4,4PbPTwlNuNxrXl2x,hM8x8TegteMkGdJ5,GHSTggpYBWCppOiG,uKw8dtZcKJoDNWFD
60452b8d-dccb-4140-bb36-4de294165086,FALSRME4eDq/5Fcn,CX+7mC57+us73GZV,Hz6DXFRqCjvpxjLq,8vG+v3oaGyWpTg1E,hx8l1g7WbzJmFnNc
911ee1fe-409c-4631-8026-70c552df5155,46gwM5n9JHkIlVaV,PCOiZ3P5pðqMEPdl,E6qKWhKabHyc3o9Y,FP0rShRFlBECmBB+,ñTa11XNgEQRK94XP
ae324478-c6c5-4673-967e-f19ff83052b2,iXX0rUwEhFñKQ4Hv,jlyTSñePJAi6B6RP,Cp9a5PMñzKQñURRr,ZfU9Tl/j27svxjEE,M00bPðDyGne4qeh7
553745b7-30fd-4836-81e2-8552b70e340b,+roJhc7a0PEnifLP,eVK9e7iEiFjkifW4,CX+7mC57+us73GZV,orOLfy6mstqO+E0Q,CGt0ecvzdoNSYj2K
87fc4013-5823-4dd0-94b8-0137affd6848,7TlAmBXdyuhTJXPP,LmDxbS6Z9xDav4wI,sYODi27Q5o1aVUWW,jKMðUW69H162wUo0,MrfqAErsMZGNnjpA
d117f373-d376-433a-b68a-b77f18a04074,0xKMJyJBrkyF2LBX,jbeFKx0ña12RWKnP,vvE+pJgfkbLUQgr3,MaohY4yitPXkRML8,W6iV87tvuF1nP1qC
fe7ec590-8ead-4d15-ba53-ee9c9877d1c4,Ld16P6kdEPyIj5og,7SNTL/f6WOSdYj6z,R0XWxAE2V1pK8pPx,Wn6sñqyuIKL03L7i,W6iV87tvuF1nP1qC
5e70243b-1f3f-4a37-ba32-7d3dff2cca7b,FFItðQñ542UNSTLn,sHiLOñLC4JY578Xr,9SlabibQPIyudprZ,mKKpNuEV0KGP7+vl,DTvEmkFJT593EE21
d5194546-0a6b-4bbc-ae1f-73c1b4623e70,KpJcXS5X0IR7OYtð,HW75ZMCxyvMGTiX0,1cMzCi57+uuPK3Kx,At3O2eñNrfgkjsEy,IgVhR8FRlCEgh3oT
cc503bc4-2875-4ecb-8110-2e51337c2c51,dWfw7pgfYOtpewqc,i9IUkz5pevH5PTH2,jbeFKx0ña12RWKnP,ioQwpzPUzm2JiZ9d,m4J0Xr8TG9VfmTt7
7b0ab101-89ca-4d47-be83-04082188c5d2,7TlAmBXdyuhTJXPP,LmDxbS6Z9xDav4wI,sYODi27Q5o1aVUWW,jKMðUW69H162wUo0,KynfTAfQña9Od9TM
8a76f559-9d71-467b-b6d7-3d2a7b48a8ad,u2fBrñyYqvRuyZMq,Mrfd1FI8xA5wW9p7,U4S5Axy9GlHRSygK,KñWZ9Erd3sZVVaxR,9nnK7hlsrq6cdWSz
b4e619a5-6d0d-47ee-8541-b1eb48e3e4ae,iasFbHHRkSXxRheI,hKmlC8CWo9U1yO0B,miSeZVn33GoK6hKK,enEcnrGf2b7Ss83p,sVodrrARVYtU0wSo
69bcd18d-ad15-4082-afc8-0b377df0782d,n1U0bKzN3pQKHdyB,DabtxzQrW7TYwl5i,esiLRlqrAygaQvyS,NEt9gvTLj0U3e2e1,E6yAnqdMuLVzWJfc
e9754ef4-6036-4b39-bfe6-fdde4d46ebc1,yoipvH6AAPrZeaAc,CX+7mC57+us73GZV,qiaRUXw2OEWA4Rj0,Hz6DXFRqCjvpxjLq,TtHañCnnT9GE35Kh
ad763d60-bd65-490a-909d-2a13966d1652,Hz6DXFRqCjvpxjLq,sVodrrARVYtU0wSo,NS3yrSKOrhDWeW7+,ULdTVukwNxpS9iu0,MVF+FkkpTJIswlRm
9b067c49-a30c-4f6b-b083-b4425cbeca91,Fqu3j1GZ+1SZLVkI,rstDGPOO4pYyMHxT,4pYwKh5Qw6MfkiSX,I0nILGJf8hRCMoEs,FJltoC9LMzMLyyJY
781c0bc2-fb33-4174-b2f0-07cb26362c58,KFNZpalZzXuJzx3G,sZduXEcññXDXwnxY,DTvEmkFJT593EE21,45eQgiZpuxDAkN78,Ea42URñ6sqOPho5M
8bf8eb43-b6a6-46d2-9355-7212b952d18b,+pA+cl1x37PNblhp,HpWdRcNrKgqVRAnB,FrNEHNUj4KaiLazz,sl335dcE6oOgvSZW,Wn6sñqyuIKL03L7i
de6eede7-f943-434a-a6a8-0836ddc95956,FUoD8jZBmJo9FgkS,P0BsNbN+2TS1bqz6,6j+nVjo5WkukWC4X,oKor0N6fmR5dxnTM,YPEfljxeVM9SRKWK
fb1963d1-14da-4996-83c1-b41838538210,IMChu2SOD7/r2BFx,MbcpenxEZkPB9s7/,4pYwKh5Qw6MfkiSX,sVodrrARVYtU0wSo,KBWo1rGXmicJ+Tv/
e3904bbe-d9ef-4bea-9256-5e9bfdd1a723,G7avrOzcWiXDXLOg,vLFIQpTB+tC2NQJg,plnXcEn7DFtT4qGb,ihH3BnDtfkywh1nx,2RETðmONMndjPBh3
cfc3f731-18a7-4fe9-883d-40359b92ff6c,esiLRlqrAygaQvyS,MPTSDS5oT+7Eet76,MaRSfgt10G3OGNAd,KP1GdJB1gaEQd1/f,Y8UY0vtD82uI5fnW
97825337-2467-4d31-ac01-ccc46e5e09ff,hx8l1g7WbzJmFnNc,dWfw7pgfYOtpewqc,RepGgiCaCdgVHXXo,Hz6DXFRqCjvpxjLq,kshixQqr5PNhqkTT
e9fc5b9c-5771-44fb-ad46-5035e117aeb8,n1U0bKzN3pQKHdyB,DabtxzQrW7TYwl5i,LKwTdbdTVlWlI40Y,esiLRlqrAygaQvyS,Mrfd1FI8xA5wW9p7
d1bb37ef-8bb2-47f5-9003-a0e2fb997b73,EUHñMcqRwJif7T8p,Oreoo1J1V0Hq6LfH,F4aze3YHðk2IT6qP,OSs7sXTOzhy6gf7v,sVodrrARVYtU0wSo
ce29f605-7152-4374-b79f-b31f65365a88,NipJ11aAzTjsrucf,kOLOpw+4fdPAvXW3,eU42KiKOrhAl554z,BAEWq91zDhziml9q,KñWZ9Erd3sZVVaxR
06e1bde8-f568-4136-b7f2-ced47dcf6bd3,j8ñ6rqFzðFAx19XJ,ñBJS7L0NdcVIip54,dN9imU8iezibNsRG,ðG4gxWzIhQððcjyL,lEVJTngbparNTf5M
dfe73943-643b-4e4a-9eeb-b0560d1711f0,jcJOcGIIm1ðfuLnc,r7T0QBbuRY1p2rSj,BP5cNg7dEWmwG1IL,U4S5Axy9GlHRSygK,sVodrrARVYtU0wSo
785b1d08-393c-49d1-ac86-140dd30f6abc,McRuKKc88GJuRbxh,sK4hz4TrhUIV0mðX,DVvhkzuAjtyB/hah,2nJ61sAE1AkBEb/X,l4WLrQ46RsYPqfQ8
686f7ae3-44c8-45f9-9fab-f355b93db4f3,UddQMSBY+63c/fCW,9njVgfXsUalcqh6H,fB5eeZWsMoRzt4un,nnSqsRKabHxhVRYR,bcVMWLiwgDeO5d+7
f4d0bb70-81a8-4495-840f-ff75fdf9a4ce,n9oY/1QmKls2s0H1,Ow6QoZVRNCZB+LB8,jMv8rZ7k8cW264wK,f++rIL/OHKxyypNI,1qs8FjIjptx1orM8
ce9c6b9d-92b9-4f58-b7dc-5d21deb25d07,sl335dcE6oOgvSZW,DLsuMVVQz2hTrðOV,FrNEHNUj4KaiLazz,V1iXSQgtL7h4YRq+,vvE+pJgfkbLUQgr3
cfd77c3a-6ddc-4d78-b4f4-c754db64c09a,ZsmUo9YsC6xSXW4q,MrfqAErsMZGNnjpA,KynfTAfQña9Od9TM,uqvygmxpñ2H3JF50,IjgraeFwShTxZrwi
24d9b15a-af76-4039-a5a4-65350901a7f0,Hz6DXFRqCjvpxjLq,ULdTVukwNxpS9iu0,211o0ojJBgMIwP0v,Wea7bwsRQ0S37tv/,VHFyEmFwVjT+DUk9
1e763c84-1184-4e27-a6ed-154d8a577506,MrfqAErsMZGNnjpA,1reNjZZBGfS19LMu,ðFVSEgv2InufIWNE,s5hPWtrtN1ZunXlJ,kzvAZptmKTfcdQ7H
24e2b614-291c-495c-b085-ee21457ab2b4,Idw2OIUGdkOWaMCA,/7NSUO6Hop300YEa,8X84IBkO9Jav7uLP,pmwLsnIMtvLPgXWF,i3sNsaQtryfSOHzD
148f2395-9c3b-49e5-a43e-fadd9bb5f149,Hz6DXFRqCjvpxjLq,ULdTVukwNxpS9iu0,Wea7bwsRQ0S37tv/,211o0ojJBgMIwP0v,NS3yrSKOrhDWeW7+
76b7c5ca-d683-4bad-9eb8-9275073db2be,UddQMSBY+63c/fCW,9njVgfXsUalcqh6H,fB5eeZWsMoRzt4un,nnSqsRKabHxhVRYR,bcVMWLiwgDeO5d+7
18716715-e4b9-4cb9-95d2-99482d658f3e,n1U0bKzN3pQKHdyB,Mrfd1FI8xA5wW9p7,sGyaZ8gy9r2Cm60o,DabtxzQrW7TYwl5i,gx2Q5x2gnoRLGJjm
dee5749e-4194-423b-8b72-4d97bc879c8b,BAEWq91zDhziml9q,ubU7L/Lhod0tRTk4,ðTðk7ptCqLPUSM5W,YñpKQFuSIG3ifV8N,8czzwCtSIrExuh3w
7725fa16-e709-4582-9496-fd58a1c426f7,uCv6ñ82rZQq6qGuK,pNQl3cQMTWux91mN,Rs5wPTg0oeXwn5QU,sVodrrARVYtU0wSo,UHmSHrWlIvNY/ux0
03691f03-98f5-416b-b2e8-d2c8c77da1b2,UddQMSBY+63c/fCW,9njVgfXsUalcqh6H,fB5eeZWsMoRzt4un,nnSqsRKabHxhVRYR,bcVMWLiwgDeO5d+7
32aed0eb-473e-41b4-911e-e7b399e5fa99,L69wFT179FIiu2uB,kUSkPuwcbz9n3xj2,MA+VnPcbjM0hFTkg,bY9GK7sMLnsQnakD,jbeFKx0ña12RWKnP
2d84acdd-7925-46a9-85db-4812df0d9816,Hz6DXFRqCjvpxjLq,sVodrrARVYtU0wSo,ULdTVukwNxpS9iu0,NS3yrSKOrhDWeW7+,MVF+FkkpTJIswlRm
4f098b0f-c41d-41fe-a3c2-306108140c4d,DabtxzQrW7TYwl5i,n1U0bKzN3pQKHdyB,vz2SNcQFRt2DvyGT,demBxQhkmJPN2xIF,E6yAnqdMuLVzWJfc
f7048999-4706-4194-8cd2-ed3bf278112c,Hz6DXFRqCjvpxjLq,ULdTVukwNxpS9iu0,211o0ojJBgMIwP0v,TtHañCnnT9GE35Kh,KGVe9CmqYXyoNsPt
9e7dc33f-814d-4092-9786-0f49694c0fa5,yZ8ññIDat36eT4zR,GkqIUToVfByhKUoT,y57lWa/hv+o1qOE2,sVodrrARVYtU0wSo,sLs0hXZhCjzTZ2vi
e09c951e-f06f-4f42-b80d-ba1388214b63,7TlAmBXdyuhTJXPP,jKMðUW69H162wUo0,plnXcEn7DFtT4qGb,mRu+hyzXXdkEGK98,JVGHYL8nrTwyV0NO
90fad927-3995-46e3-aa80-53c37cb6c387,46gwM5n9JHkIlVaV,UddQMSBY+63c/fCW,P0BsNbN+2TS1bqz6,5sN7drtdoVi/QI0M,2nJ61sAE1AkBEb/X
a9bd2764-e54e-4f41-9892-d441330d09c2,Ld16P6kdEPyIj5og,5cl+0X3pRhqHK3Fu,jiap1Ay3QOVx+GLl,uTYCuB+xwTygsSIh,sVodrrARVYtU0wSo
9684d24b-8699-409c-9224-635633d598f7,ikqBCWgKPydlu3gB,VnA7fT/c3dLStGRv,qiaRUXw2OEWA4Rj0,5y7kbUoN+k82ToVX,fhQcxqmjYiUW2fur
ee109af2-0cb0-4a4f-a94c-5b484b114d99,elDbIJvHmuBxjFrE,/koLUcFRlCFr0Oqa,/TrXNc+9JT7MguB8,icy8oWma516fz2pc,wr1Uu0jhgAiwfbQh
ef68b1b2-06f2-4842-b720-36545be21b4f,211o0ojJBgMIwP0v,pkLlNuYD7uiuGbOQ,9RVPXdjñMbRSl1uN,gUeIhpG1Qñ3lelcl,r7T0QBbuRY1p2rSj
e6ca1d95-f8a1-4f37-9f53-4b8f495be700,FUoD8jZBmJo9FgkS,5dZKqsñJAAoAfGH0,i5lvHYXL7EIDzDð3,Sð5IMhgFIsa7Wq50,A4mnQOFa4iYfXoYl
7c613736-ae43-4125-a24b-3aa5e3e974f4,s3/3QwD2gLGt4IO+,vukDddCoN+zTTxiu,4cUUfJCfCQDKF3ep,9mXD1hKFðEy16KbT,990xP0lwXvQFAe5O
09fdddaf-a402-4f16-b1d9-b7e46dadaa98,w87LVXq4laorSG0l,VteoOcpVbEPPgG5F,a3dA/Q3zog0kZLIl,shiAjK2kqHrHTIVo,lKwYmRPbkQsG6k5X
99e3900f-e1d9-44a2-a2d7-152655f02a78,fB5eeZWsMoRzt4un,oKor0N6fmR5dxnTM,UddQMSBY+63c/fCW,PguGQCe6LTyzfq9g,/EKC6ofYSClYp05R
d48bbf5c-570c-4a11-ba9f-f0ac69ab1958,sVodrrARVYtU0wSo,59ArY3nRuN2X4DlZ,U4S5Axy9GlHRSygK,L2z0m3eJu7hzxD1e,VMx2V22ymPFWis7l
a4c79d5c-f4c5-4d5a-9057-a2dab4a83653,aI0ðQo9siBm9RLu1,586tc0jxfxE502ld,CmhZOFR/PE2yv2BI,L9u6bGoZnuCuvdb5,sVodrrARVYtU0wSo
4630f7cd-3aeb-4918-a6a3-1face774df12,argByJZ5Tc8bU51y,FUoD8jZBmJo9FgkS,uq759J6Amm4MVJF7,UddQMSBY+63c/fCW,EiKSJBo3ngwZrhMC
e235ef84-c94e-4985-b29e-5db92079dfa0,jj5vvtR19FoOjxQW,fKdDe86lsVHrXZr4,Cz24M2J4auYuph2v,CCZTGBLJHwH7Lalk,0W/Cm3hFz43CWs3P
4ff1da6d-c763-4d87-96e8-07ea3aca44fa,iHHP0vNHgGDM82O5,QfLr2Wwt55mSf4+w,LshygzmmcPMKMblZ,U4S5Axy9GlHRSygK,LGoIGLgyg0cj57Y6
20ff06c8-ea5d-4e6b-810c-c434b8a5cc5a,n1U0bKzN3pQKHdyB,DabtxzQrW7TYwl5i,Mrfd1FI8xA5wW9p7,esiLRlqrAygaQvyS,gx2Q5x2gnoRLGJjm
6f784061-0b65-4fc4-9d7b-23ac19d587d5,KñWZ9Erd3sZVVaxR,zFbnWo0ifGsmXUvh,be0GOCw8GFfW/qAM,8g2ouY3qrFw36tñJ,JOwAJA5oXoWm/BAk
793361ee-0f0b-40c7-b77e-b0322130178d,Hz6DXFRqCjvpxjLq,ULdTVukwNxpS9iu0,211o0ojJBgMIwP0v,TtHañCnnT9GE35Kh,KGVe9CmqYXyoNsPt
fc189dd1-1438-4f4d-b838-070e598b7ad1,sVodrrARVYtU0wSo,MDyfIcsUQOn6TOWR,kOLOpw+4fdPAvXW3,Np7zlk2M5KAsIk0M,KCu+9FtY9YzbZsBD
30976982-747d-4c81-8d36-c623598eec79,ZfU9Tl/j27svxjEE,5np0tVrEddFkYfvC,4KipAh0ane3LxIaZ,RKPañidTg3YwRcZg,hM8x8TegteMkGdJ5
a9d97afc-2a05-4e91-ad76-874ec8b720fb,i3mñTG9QJRyðRFYA,2nJ61sAE1AkBEb/X,8kRIZHdoq5wpiUYY,l4WLrQ46RsYPqfQ8,5sN7drtdoVi/QI0M
0934f1a0-60b9-4461-90f3-5e6ce340a27a,mRu+hyzXXdkEGK98,7TlAmBXdyuhTJXPP,CwBqUHLAdEkOJgNJ,JVGHYL8nrTwyV0NO,vmt5g0nWjNlBsZ7L
c5c1c581-eac6-45ae-b0fa-22180e33b4b0,Hz6DXFRqCjvpxjLq,sVodrrARVYtU0wSo,U4S5Axy9GlHRSygK,NS3yrSKOrhDWeW7+,bPD9w31eASz+PBOE
b689d809-9cde-4ac3-8b79-c1ef64f79fe0,1RVC4ZgEWxyMNOCz,jieIu4jA8Cv+Mwzd,DUubfiYrvAñFññbp,5nzPgzTG6sYgaErE,xzlY/00W5LPQQZ5C
1e2ef91f-c904-406d-8a60-020c6b5cceb2,kzUHqfkYoChYLC2p,L6/2goVJuFMnCNTY,L2z0m3eJu7hzxD1e,nDEpiO5OKkfcdAPB,c9+FNTorryJWQjeJ
34cce60f-4c54-4c40-9b61-583e07011e1e,mblwSAWbr1xðJ7ZY,sVodrrARVYtU0wSo,CwBqUHLAdEkOJgNJ,vx63DLtuBgW4q10P,Wh0RZHPvqIAu08Og
859862a1-a5c0-41e7-8604-fd16cbbf95ea,HW75ZMCxyvMGTiX0,/nqVrNgRZ8REoSqP,mhMVlkDmbxnNueCK,EGp/+9exNDYKfo1j,Ahpew4JfxWgVNnzh
a367b5ad-0d27-46f3-9a10-dac9cae55d3d,DxyMsagyfNpI0kwL,D2lkQ0hA3Y6Gl1Tf,hTdYñdxnSQptv0ñx,Wk2T2RiNW4cbSðsD,pmwLsnIMtvLPgXWF
8a395902-1724-48e4-a32b-44689704ce28,96UrxP6Y/z1RUqNv,2XMtn/ZM1ydtF/qO,7SNTL/f6WOSdYj6z,yEMaByp7IZ0gCtMT,CmhZOFR/PE2yv2BI
17f75040-59c4-45f5-b4ed-7e04960b7cdd,iHHP0vNHgGDM82O5,QfLr2Wwt55mSf4+w,jCwNjy2gHM7SYJeL,U4S5Axy9GlHRSygK,j8ñ6rqFzðFAx19XJ
b7703339-fd64-4e81-a5f2-10cf69f60b35,tihDOshO/8ilpSIQ,Hz6DXFRqCjvpxjLq,gpnGErAOcJH1MIKo,NiErYGVEF2nt7qtw,4WrN2zIanZF+iXp5
eb2fb352-f113-49b8-8ae5-0586bf48dca1,wQoT3S1APB6Mt7BA,GNpdf8EkLGdLpvIe,yZ8ññIDat36eT4zR,GkqIUToVfByhKUoT,dWfw7pgfYOtpewqc
c42a331a-d50c-4c2d-b7fe-fe95bc1308bf,qiaRUXw2OEWA4Rj0,Hz6DXFRqCjvpxjLq,ULdTVukwNxpS9iu0,yoipvH6AAPrZeaAc,KGVe9CmqYXyoNsPt
45356331-5232-4371-b272-973d2bce0f7f,kzUHqfkYoChYLC2p,L6/2goVJuFMnCNTY,Un2XjqxWffx7yupg,a3dA/Q3zog0kZLIl,ayiOWerJCmVXDNbl
c7ff4a31-332a-455d-bcd0-ceacab7679c7,+GYT/1+9YYb1W19Z,/jblsU3oCxvTS/10,7TlAmBXdyuhTJXPP,nzXOEMKlgñVTBaE3,NipJ11aAzTjsrucf
561d4312-d6cf-41fe-8cdb-16b8adef4da1,Hz6DXFRqCjvpxjLq,sVodrrARVYtU0wSo,NS3yrSKOrhDWeW7+,ULdTVukwNxpS9iu0,MVF+FkkpTJIswlRm
9d695cbc-1e24-4dac-b1f0-aee9699013ae,uCv6ñ82rZQq6qGuK,Qña6xamo8Ar4sjOñ,gc0eALrRSQY/ZAh7,1eiw+Kw3+lxODWc8,/EKC6ofYSClYp05R
2d6f608a-8597-4d35-b166-ff89ebd21441,9nnK7hlsrq6cdWSz,uQFZcU6oVb2pGkVW,8W4arw2KAch8uZ3N,0f1arFa4onBð3ð4p,n1U0bKzN3pQKHdyB
92cac998-b56f-41e8-bce2-a82cbb3a6765,BAEWq91zDhziml9q,ubU7L/Lhod0tRTk4,ðTðk7ptCqLPUSM5W,YñpKQFuSIG3ifV8N,8czzwCtSIrExuh3w
2edbe599-706a-478f-84af-1badc5f16545,LKwTdbdTVlWlI40Y,Mrfd1FI8xA5wW9p7,n1U0bKzN3pQKHdyB,nzXOEMKlgñVTBaE3,6XS+xcGZCbuaecx0
3ac755d2-07b4-4b96-befc-34152ed7275a,HW75ZMCxyvMGTiX0,iNDB6h7LGWRx5KvJ,cb619D2wn3ygqjJq,2Wass0GDcIpA+RTu,vvE+pJgfkbLUQgr3
2a3f160e-0dcd-4e10-9fec-faae33e395e6,zVPXM7Zpkb1Gs/yb,6GTWbZPMAfA2b4l8,KGVe9CmqYXyoNsPt,211o0ojJBgMIwP0v,7+w3Rf7NV0/vqijL
13c0ea36-626c-4ffc-a83f-a9e71f7ba5b0,8MSQcml8f2me+oQn,tbxY/34Oy89HhK9T,8X84IBkO9Jav7uLP,GYhbVV2KITsCFy4c,pmwLsnIMtvLPgXWF
94d5ec7f-813a-4571-8208-f1e0fd648f08,Sð5IMhgFIsa7Wq50,Xlzdqhkf0ZðloA6v,jlyTSñePJAi6B6RP,s6DaRGziM5NQJYzf,ñKx4ptDpdxkt0KñY
760c79c2-a10e-4bfe-b5ac-9a15bae502c9,lEVJTngbparNTf5M,4KipAh0ane3LxIaZ,S4iSCjhg7dtYx41E,PJJQWx861pw8bFR0,v8nMKL0RBewD5/KR
fe7f26ad-9efd-46e8-b8d6-1c1384ec6f02,6uN8020Z0hnXiJqS,0GTv3rJBjSg7lhQO,SHHhB2jxYLKJXoAX,zKxhjoZtXyNqG7ut,fXwC1/hjKY6yhEOX
201d1fb9-b545-4cd6-aca3-3ba8f497a6c2,7+w3Rf7NV0/vqijL,PZl1P6ywhFPD0vL4,9OSoHnpWdpbwQY7d,69SfBW1MyQ2k59jl,xa84ypxRKQmfy9Tð
dc67686f-3295-46a2-9d42-9aa2dde84a89,BP5cNg7dEWmwG1IL,sVodrrARVYtU0wSo,Hz6DXFRqCjvpxjLq,U4S5Axy9GlHRSygK,jcJOcGIIm1ðfuLnc
cb16cfaa-bb04-45e3-bf7a-f3a2dee9c0ba,hfqUkf3pB4nNk5vj,pERDYfBSXNxaJk3S,dhxUztwQ2zEhRi8T,EUoTvR5F9wCNsK4B,atIqBdBO8Yð1ATes
96976b0f-684b-4c54-9330-bb2cbb69cddf,w87LVXq4laorSG0l,VteoOcpVbEPPgG5F,6uN8020Z0hnXiJqS,fXwC1/hjKY6yhEOX,O0gpgmh0QOMZGFmM
349e7e09-feac-4233-a5d0-bf83a56b48d1,zk1U6eFCZHLlD09l,atIqBdBO8Yð1ATes,Hz6DXFRqCjvpxjLq,I1SNVWqXY0eMDJ9N,hxgqSnqñ34TYi6ññ
e40c06a2-a936-47be-ad17-3741b80bbed6,Hz6DXFRqCjvpxjLq,ULdTVukwNxpS9iu0,211o0ojJBgMIwP0v,KGVe9CmqYXyoNsPt,A4mnQOFa4iYfXoYl
793dc9bf-97db-424d-b985-e422e08f9e6a,Hz6DXFRqCjvpxjLq,sVodrrARVYtU0wSo,ULdTVukwNxpS9iu0,8AQ0iXQ5Q6SH2qcz,Np7zlk2M5KAsIk0M
84238338-a96e-45a5-bafc-8ade06609e85,YmiUUBdPHj29RKA4,GYhbVV2KITsCFy4c,X4W10EcññXBSbMS1,V3tNFhOMjmaikQS7,KCu+9FtY9YzbZsBD
daa75d4f-c253-4c0b-a331-cb39d8905d73,AOJ7pmtB97Tz5HDb,L69wFT179FIiu2uB,7tudVQwiNHAMbSzU,IjgraeFwShTxZrwi,F3XHe2w9NrLoZn13
2a6782ed-4426-45e8-b10b-ec9e5eebfaac,6Fo6hrr5KBBvG3Gv,LshygzmmcPMKMblZ,CUz1MFtF4pVc1ign,sGyaZ8gy9r2Cm60o,i9IUkz5pevH5PTH2
9899113e-86ef-4fcc-afbf-9d6c7bb8c1fe,UddQMSBY+63c/fCW,9njVgfXsUalcqh6H,fB5eeZWsMoRzt4un,nnSqsRKabHxhVRYR,bcVMWLiwgDeO5d+7
a526aa6d-e79f-46b4-8027-3afb41279700,UddQMSBY+63c/fCW,9njVgfXsUalcqh6H,fB5eeZWsMoRzt4un,nnSqsRKabHxhVRYR,bcVMWLiwgDeO5d+7
8d4cb362-e412-4274-bc69-0af162aae12e,sPFKsbmnySULafRa,cb619D2wn3ygqjJq,4VTS3fkWAMGWmSo4,HW75ZMCxyvMGTiX0,pPieCvðut3fj9QAS
544503c2-02ae-4c55-b032-b552283c5cf0,DTvEmkFJT593EE21,45eQgiZpuxDAkN78,KFNZpalZzXuJzx3G,w8o2hjFKs1nzBZpe,fB5eeZWsMoRzt4un
d38a9d1d-0d4b-4ef4-a9b0-0643a407fe7f,L69wFT179FIiu2uB,bY9GK7sMLnsQnakD,ðiN4ñHfvPgiVKgga,jbeFKx0ña12RWKnP,DabtxzQrW7TYwl5i
fb926330-a8e9-471e-a020-7742d705a327,DabtxzQrW7TYwl5i,JdudKLk6zMhM7tmG,vz2SNcQFRt2DvyGT,7+w3Rf7NV0/vqijL,gSnBoydqhJ0ee6F6
9226e6a0-ac84-42b2-973b-d3b2e147ed6c,Idw2OIUGdkOWaMCA,9RVPXdjñMbRSl1uN,/7NSUO6Hop300YEa,ihQðo48MFRKhAZoP,MlRrlpjW3a84bTYV
e3a3dcba-72ee-4f1d-86c8-53aa5ed66f70,UddQMSBY+63c/fCW,9njVgfXsUalcqh6H,fB5eeZWsMoRzt4un,nnSqsRKabHxhVRYR,bcVMWLiwgDeO5d+7
986441dc-beb0-47b5-918a-5d50700187ce,E5ñPs5exCiQBvcñS,mW0NlRyHAD8r2YrO,1cMzCi57+uuPK3Kx,iNDB6h7LGWRx5KvJ,kGe0c8NnYwUdJf3J
45d21fc4-2311-4813-b1eb-32d1bfa4e0bf,4psNA+AN9tJtF/fM,Hz6DXFRqCjvpxjLq,sifOVpDfoAKFTyX5,sVodrrARVYtU0wSo,jcJOcGIIm1ðfuLnc
a81b9ca5-2c25-4fe0-a0d7-4d7cfc333627,VwJBeWzQAkTZSeY9,sVodrrARVYtU0wSo,eCJpluc5NFwCjuoN,L2z0m3eJu7hzxD1e,CwBqUHLAdEkOJgNJ
79f1ea39-66b7-4ee8-820f-1d5c0e7cea1c,586tc0jxfxE502ld,aI0ðQo9siBm9RLu1,CmhZOFR/PE2yv2BI,sVodrrARVYtU0wSo,migdSjFPgg/WSQDz
b14e30d7-1422-4951-a933-b737fb104e7b,elDbIJvHmuBxjFrE,oKor0N6fmR5dxnTM,P0BsNbN+2TS1bqz6,LdiFEFZR8bCyZ/X2,uCT1f7/6XD+jIvFF
cbd16370-05dd-46b8-a37d-1e79de4127d3,5np0tVrEddFkYfvC,YñpKQFuSIG3ifV8N,4KipAh0ane3LxIaZ,RKPañidTg3YwRcZg,Gð2NHzZCgðxYB5gC
3039412f-9729-4a76-a381-38ae52035835,TtHañCnnT9GE35Kh,BCfQBaVjiwvRLS5O,nnSqsRKabHxhVRYR,211o0ojJBgMIwP0v,KGVe9CmqYXyoNsPt
608b7702-7e35-4660-a61b-798fea08de5f,argByJZ5Tc8bU51y,lKwYmRPbkQsG6k5X,EiKSJBo3ngwZrhMC,TtHañCnnT9GE35Kh,FUoD8jZBmJo9FgkS
cffee778-686a-4d07-9845-6b90fd5e7fcd,y9jSAf3Ub91Zlb/D,ovFosp56e2hfr0lM,BAEWq91zDhziml9q,vvE+pJgfkbLUQgr3,kOLOpw+4fdPAvXW3
3b24ed00-a100-4372-9805-06770b4db584,/koLUcFRlCFr0Oqa,/TrXNc+9JT7MguB8,elDbIJvHmuBxjFrE,icy8oWma516fz2pc,9SlabibQPIyudprZ
9d677c1d-651b-49c6-9198-65e9d8955cc4,n1U0bKzN3pQKHdyB,Mrfd1FI8xA5wW9p7,esiLRlqrAygaQvyS,DabtxzQrW7TYwl5i,sGyaZ8gy9r2Cm60o
21d40522-e170-4d73-9d50-c076413ed0e0,hMg6Ubshz80f9YC5,UgpJ6vcz0Oe42Or5,gðx0GsnTJZ5JuJm3,Td48DnyrAofrPHmt,NgjN1wbLQ7lz7Lee
10e135fc-77af-4ddd-958a-d94cb54863c6,rstDGPOO4pYyMHxT,DxyMsagyfNpI0kwL,gx2Q5x2gnoRLGJjm,7+w3Rf7NV0/vqijL,BAEWq91zDhziml9q
d852291a-e647-46b7-8497-d56abd2565b0,sVodrrARVYtU0wSo,HW75ZMCxyvMGTiX0,8X84IBkO9Jav7uLP,Qa2m1zEKkZIdiW1Q,7HP3wDMuZam10/Zy
3fc650df-9215-4c94-81da-03d040d15e85,UddQMSBY+63c/fCW,uq759J6Amm4MVJF7,FUoD8jZBmJo9FgkS,fB5eeZWsMoRzt4un,PguGQCe6LTyzfq9g
abef0fb4-cc66-4a27-8930-4c6a5c1113c8,nnSqsRKabHxhVRYR,UddQMSBY+63c/fCW,TtHañCnnT9GE35Kh,oKor0N6fmR5dxnTM,6j+nVjo5WkukWC4X
5527a287-bcc6-4c2d-bc20-32eb525000c7,hx8l1g7WbzJmFnNc,RepGgiCaCdgVHXXo,dWfw7pgfYOtpewqc,kshixQqr5PNhqkTT,CNibrTB0f4lJi0ye
da3d61e1-a369-458d-9703-7c4a411faf37,LmDxbS6Z9xDav4wI,vxvZTz1HknrL38Po,MrfqAErsMZGNnjpA,kUpr4bByjPu/V0F0,tAKPdYeudMnYyhfj
11ccd5b6-dea1-454d-94ec-bb857a9f5ed2,TtHañCnnT9GE35Kh,BCfQBaVjiwvRLS5O,nnSqsRKabHxhVRYR,211o0ojJBgMIwP0v,KGVe9CmqYXyoNsPt
6f86075a-0db8-4a6a-b8ff-eae898268ac5,bY9GK7sMLnsQnakD,/CY6YdWu3D0QwPKE,FzX8TbGic1JiPPge,OFN4ZGMDzL/99jDd,UH/JysqxhFk1s2Fj
cbf4ebef-d130-405f-a46d-b7d698c06f11,Y+wBNQrrHOeiuxtX,l0YbKowsWLB/gDQV,mblwSAWbr1xðJ7ZY,DtRsl1Fw8ViwI/ot,UZrJSrX60PK4eIrs
5076b65d-e69f-43a4-ac25-d3cf031db293,KñWZ9Erd3sZVVaxR,8g2ouY3qrFw36tñJ,eU42KiKOrhAl554z,FDðVFKmV5TFrcMEJ,pkDh4J5wGBnVgbUc
8c7fd411-b64f-4ee0-a9bc-026230055933,tFoIe6BWNH5uHQlL,dSCU3HM6m/i01jw5,AnV1bdZdsmQL5SCt,y9jSAf3Ub91Zlb/D,sPFKsbmnySULafRa
e277881a-d8fc-4373-b790-72b0c60afa98,7TlAmBXdyuhTJXPP,jKMðUW69H162wUo0,zhpcVYXSxQm2oeGg,mRu+hyzXXdkEGK98,plnXcEn7DFtT4qGb
8d4033b7-ba55-43ce-b4c1-32679f4ccaeb,cWUXMc3XvB5FzsYo,CQ9qh32JtVSRhGA4,a3dA/Q3zog0kZLIl,bPhhuPbhIAsrhMqQ,j3soIiaoAB6OILRH
b9c99e2d-a4d7-4af9-91b6-c51a562817db,n1U0bKzN3pQKHdyB,DabtxzQrW7TYwl5i,LKwTdbdTVlWlI40Y,7TlAmBXdyuhTJXPP,sGyaZ8gy9r2Cm60o
fa7c865e-ab1f-4e77-98c7-913e48217855,jGehlIBdiT4jE3fI,7r0KKS098csM3ZEW,F0pt5ADmBQ1qGXqF,sVodrrARVYtU0wSo,46gwM5n9JHkIlVaV
f77d5fb5-54d1-435a-bbc4-66d7253d2289,7TlAmBXdyuhTJXPP,jKMðUW69H162wUo0,zhpcVYXSxQm2oeGg,mRu+hyzXXdkEGK98,plnXcEn7DFtT4qGb
de458c09-1e4b-4e3e-be28-ae7279369dd3,Mrfd1FI8xA5wW9p7,u2fBrñyYqvRuyZMq,lEVJTngbparNTf5M,9nnK7hlsrq6cdWSz,Q39F79bG9eNAH8zC
6e2526c2-1021-43d5-9988-1827cb571ca9,nnSqsRKabHxhVRYR,UddQMSBY+63c/fCW,TtHañCnnT9GE35Kh,oKor0N6fmR5dxnTM,6j+nVjo5WkukWC4X
ea7f1040-8ee2-4e6d-8104-ece20ba5a09c,sVodrrARVYtU0wSo,U4S5Axy9GlHRSygK,L2z0m3eJu7hzxD1e,59ArY3nRuN2X4DlZ,fLdUlpFJ4IoXBHKn
1ab60174-b1e3-410d-8ff7-17412567aa9c,Hz6DXFRqCjvpxjLq,yoipvH6AAPrZeaAc,sYXlCNpwLEiS9Yge,NS3yrSKOrhDWeW7+,Wea7bwsRQ0S37tv/
faefedf4-df0a-4e81-8779-25e50673bd6c,fhx7XIbur8QlQA03,Wuc/Z4iyeAIrJyZc,dN9imU8iezibNsRG,xY4Fqx8ðJ60tVpsI,wcdEM8zgUDZCefIC
3eb442c7-6c62-41fa-a574-29034a9738d0,Hz6DXFRqCjvpxjLq,sVodrrARVYtU0wSo,NS3yrSKOrhDWeW7+,ULdTVukwNxpS9iu0,MVF+FkkpTJIswlRm
40b5f101-e1df-426d-afa2-613a27b79c0e,sVodrrARVYtU0wSo,59ArY3nRuN2X4DlZ,L2z0m3eJu7hzxD1e,VMx2V22ymPFWis7l,U4S5Axy9GlHRSygK
cdcc4988-909f-4b0f-8402-f1d961a0d660,FALSRME4eDq/5Fcn,/b040WJdS6AKjVby,lu3OC/PPgMC7fYA3,ovfMytDpdxkOe7d6,tyZPPRy9GlEcEFEq
b622a2f5-65aa-4524-9f20-b4a17fc0a5c8,7TlAmBXdyuhTJXPP,MTZvFUIy3oCdUzpt,LmDxbS6Z9xDav4wI,MrfqAErsMZGNnjpA,Xlzdqhkf0ZðloA6v
5b79831d-13d2-4bd5-b4d0-9138ab823c26,iIjzGQfn1nHy/gvB,fhQcxqmjYiUW2fur,yoipvH6AAPrZeaAc,4WeZUk7BOghðbMJq,ULdTVukwNxpS9iu0
5dbf06b8-eccc-4220-9827-70939771d871,y9jSAf3Ub91Zlb/D,AZxAeaJs513s13fS,fGbWiTjf5w75Oc9w,ñKx4ptDpdxkt0KñY,AK6LGCDf30iJkvsy
1813fe7d-afdd-4feb-a664-d4dc0540b369,6GTWbZPMAfA2b4l8,2F1ZZhqNAFUIKfVx,tVgadN3fnLB5A9rl,R4L1778P3eCMIkjo,IF2Qs5kswlJTiKC1
5856f29a-e2b7-4b31-a6b0-0b7f7e5d6fb4,45eQgiZpuxDAkN78,Qr2CMj37WCWG+qC8,DTvEmkFJT593EE21,FIhJwT/CGHkwxy/u,Qpa5NKYYzDvj9uwl
7dd33299-5ff6-467b-b9e4-d07cc6d11585,Qña6xamo8Ar4sjOñ,iasFbHHRkSXxRheI,BCfQBaVjiwvRLS5O,gc0eALrRSQY/ZAh7,oKor0N6fmR5dxnTM
6d220ab3-e67f-4d9b-bc7c-a5a3009b343e,N9Yñ42dSC5frPZhR,YcJCUkw8i4YuZbLa,lUXñnNOzT1rZðR3e,CwBqUHLAdEkOJgNJ,sVodrrARVYtU0wSo
712681c6-0236-4d7e-a5a9-f77d16f8747d,6Fo6hrr5KBBvG3Gv,NGDn851pnVTk5QSq,esiLRlqrAygaQvyS,gMAPRaX9N6EaSfBA,KP1GdJB1gaEQd1/f
27eeaccc-3a73-4d59-a451-e9c8c7652315,slmr04c3mIRwH8s5,FXEk64FnP8hvo/QQ,YePG9YqczOYpI3WI,45eQgiZpuxDAkN78,Ea42URñ6sqOPho5M
a7638f36-b479-4bc6-8138-320f0ead70c2,MC8IswbB2Gw9M2zH,hKmlC8CWo9U1yO0B,kshixQqr5PNhqkTT,59ArY3nRuN2X4DlZ,Eug0FkQshNKKcdMD
8ab6ddb8-1647-407a-9446-7df7e9850dfd,Mrfd1FI8xA5wW9p7,n1U0bKzN3pQKHdyB,LKwTdbdTVlWlI40Y,EBqmDSZ5HjeMLs06,sGyaZ8gy9r2Cm60o
71a3f52b-6c10-43a8-b124-fb728a28658a,ABqcvmrL0olv71xE,BCfQBaVjiwvRLS5O,omQz/xWfkrqCvPxR,s3/3QwD2gLGt4IO+,4cUUfJCfCQDKF3ep
b0c06b22-96f6-4472-a103-4ac30095c8b3,6IXhy6juYmxp43Re,Ea42URñ6sqOPho5M,H1tLxw4nVrlZMEa7,sZduXEcññXDXwnxY,45eQgiZpuxDAkN78
29f75456-9f3f-4e3f-88c7-91748bdec403,LmDxbS6Z9xDav4wI,MrfqAErsMZGNnjpA,MTZvFUIy3oCdUzpt,7TlAmBXdyuhTJXPP,R4L1778P3eCMIkjo
2e5bd536-991c-4e79-83c9-c704d78d8dff,DUubfiYrvAñFññbp,rbGb5KrDSPirNyRe,cNsJ3mGTwtH1INel,DeW407SrfYAdonHS,r7T0QBbuRY1p2rSj
d7210cf0-0335-47b3-8258-c621b0919c1e,GñkbfEoTlnBF3jCg,plnXcEn7DFtT4qGb,spChVWWfznBmjoiJ,G7avrOzcWiXDXLOg,ihH3BnDtfkywh1nx
9d9530e2-3412-452f-9a44-3ba00dc5ecda,MrfqAErsMZGNnjpA,KynfTAfQña9Od9TM,LmDxbS6Z9xDav4wI,IjgraeFwShTxZrwi,uqvygmxpñ2H3JF50
29e1e187-3064-4ad9-85d5-df3bbd93784b,BAEWq91zDhziml9q,ubU7L/Lhod0tRTk4,CiqrBauU4O8n63GR,YñpKQFuSIG3ifV8N,ðTðk7ptCqLPUSM5W
28f3df26-9dce-4189-b13a-70e629c5850f,ðTðk7ptCqLPUSM5W,cCepQJñRavzTs5ñI,BAEWq91zDhziml9q,ubU7L/Lhod0tRTk4,2TivGsQXmqtR35n0
df44621d-1771-4654-b677-3a6c32b9e21d,Hz6DXFRqCjvpxjLq,sVodrrARVYtU0wSo,ULdTVukwNxpS9iu0,NS3yrSKOrhDWeW7+,MVF+FkkpTJIswlRm
b4bcebc7-a07f-4768-860d-8ab0ba9f5ddb,Mrfd1FI8xA5wW9p7,esiLRlqrAygaQvyS,KP1GdJB1gaEQd1/f,9nnK7hlsrq6cdWSz,7TlAmBXdyuhTJXPP
bd015fd1-7153-4a41-9986-d3794ec49a3c,9IJmBy9ICmY/JpIB,VHZXQOHIjFvQEoYb,rstDGPOO4pYyMHxT,ubU7L/Lhod0tRTk4,fw9JQ0lUz+TUVXuW
77f8ee77-aefe-45b4-a947-54ae1b9be120,nnSqsRKabHxhVRYR,UddQMSBY+63c/fCW,TtHañCnnT9GE35Kh,oKor0N6fmR5dxnTM,6j+nVjo5WkukWC4X
7147f20d-331e-4f6a-acae-c9aceec7b376,wQoT3S1APB6Mt7BA,GNpdf8EkLGdLpvIe,yZ8ññIDat36eT4zR,GkqIUToVfByhKUoT,Np7zlk2M5KAsIk0M
6f0c4974-71ea-47af-b847-35ad5a5189e5,RwMFWOQeGVuQ9E9ñ,bjYy/8EHZGK160MA,iHHP0vNHgGDM82O5,Hz6DXFRqCjvpxjLq,CX+7mC57+us73GZV
7e72bb50-11c3-44e7-ad1c-8c6a1dfe90cc,9SlabibQPIyudprZ,JOwAJA5oXoWm/BAk,I1SNVWqXY0eMDJ9N,bPhhuPbhIAsrhMqQ,i57DZy01QdDnxlYX
71f8339d-3d35-4f59-a8df-cb753c5ae6c0,vvE+pJgfkbLUQgr3,W6iV87tvuF1nP1qC,s6DaRGziM5NQJYzf,plnXcEn7DFtT4qGb,At3O2eñNrfgkjsEy
9b217d87-1643-4f76-9797-9fbf5de757a2,enhv4bxxu9gqXGñ2,zhpcVYXSxQm2oeGg,54aa3K1djuxLU0A8,ZWEjyuaKHPsRNo9T,QVKNbyñ9MtKXñ4fW
eddfbeec-8274-44da-b283-9d5e27445fa1,lu3OC/PPgMC7fYA3,dWfw7pgfYOtpewqc,Nqbs5m673llKL4L6,hx8l1g7WbzJmFnNc,kshixQqr5PNhqkTT
c0d84a44-38d3-49dd-b464-c738dcbc90bc,FALSRME4eDq/5Fcn,CX+7mC57+us73GZV,Hz6DXFRqCjvpxjLq,8vG+v3oaGyWpTg1E,hx8l1g7WbzJmFnNc
179baa81-a315-4aa0-9da1-a522707ca018,PG9zYYswMPOQl858,paaG1cGJn6M658oJ,WzhmUufDX1WOYODX,lNoivjXqYbzPN7cV,FKZkXevuukDBIQ9q
a1ccdc33-c764-444a-8c90-97ee39af46f1,KCniknghkF3mAHrv,Mrfd1FI8xA5wW9p7,LKwTdbdTVlWlI40Y,9nnK7hlsrq6cdWSz,ve+ha4dplpkOVSa7
772c3f2e-f174-4b9e-bfbb-70c9952a9759,I1SNVWqXY0eMDJ9N,iPTVatIS4giXdOua,1EdtxWBnQZz7GRpX,HSv6YmKfZICQ6ñn4,xoLZbTKomDR373cA
f7d98038-23f3-4980-acc5-365a7c90b5af,FzX8TbGic1JiPPge,bY9GK7sMLnsQnakD,H94tpRkO9JaivGmu,iBVeFfqsPsnlg5BB,UH/JysqxhFk1s2Fj
c5bd8ed9-80b0-4e86-90af-21d40057e5bb,plnXcEn7DFtT4qGb,7TlAmBXdyuhTJXPP,6Fo6hrr5KBBvG3Gv,q63jCyu9yD90hRBQ,ioQwpzPUzm2JiZ9d
dfd33856-3df7-4406-8c83-6991cce95322,uq759J6Amm4MVJF7,UddQMSBY+63c/fCW,argByJZ5Tc8bU51y,3hqMKqzqBZzctnZA,EiKSJBo3ngwZrhMC
a5ef2f88-1b6d-48a5-b8d0-41d1a865e98d,7TlAmBXdyuhTJXPP,plnXcEn7DFtT4qGb,+roJhc7a0PEnifLP,Mrfd1FI8xA5wW9p7,jKMðUW69H162wUo0
eb8e4da4-7508-4118-839a-6a3e9c97cc01,KFNZpalZzXuJzx3G,fB5eeZWsMoRzt4un,sZduXEcññXDXwnxY,bcVMWLiwgDeO5d+7,DTvEmkFJT593EE21
c8c97163-dcee-4e58-8203-38f29142187e,KFNZpalZzXuJzx3G,sZduXEcññXDXwnxY,DTvEmkFJT593EE21,45eQgiZpuxDAkN78,Ea42URñ6sqOPho5M
948a2878-11ef-4f85-8040-b2381d4c08ee,rstDGPOO4pYyMHxT,OEp8JgAZsjFWOwzq,sGyaZ8gy9r2Cm60o,8W4arw2KAch8uZ3N,plnXcEn7DFtT4qGb
6a0028a3-82be-44d7-9faa-b307f8fa69ac,mRu+hyzXXdkEGK98,CwBqUHLAdEkOJgNJ,vmt5g0nWjNlBsZ7L,7TlAmBXdyuhTJXPP,nNS6mv6ZO8s/DVhG
c65ae7cf-6e77-4d14-b376-71157549da10,YHwx8VMTuTkcbETR,aQS0auxCyxsdLaGf,E5ñPs5exCiQBvcñS,BoRG5d44GñQ8a3WB,W6iV87tvuF1nP1qC
bc735dee-6159-40c3-ae4c-9f0106f89b28,/EKC6ofYSClYp05R,mKKpNuEV0KGP7+vl,Urwch27JcVninF+D,fB5eeZWsMoRzt4un,UjL9n3TTRa101UJG
532e78a6-4b59-4696-b037-853a228ce0a0,ve+ha4dplpkOVSa7,QtfjfO5dYsrAeVJP,Mrfd1FI8xA5wW9p7,KCniknghkF3mAHrv,LKwTdbdTVlWlI40Y
398034c9-b5f4-480f-8621-a3086e824f6b,5np0tVrEddFkYfvC,YñpKQFuSIG3ifV8N,ZfU9Tl/j27svxjEE,v8nMKL0RBewD5/KR,iXX0rUwEhFñKQ4Hv
50261e4c-1880-4ee9-b2f1-160e87a32c39,JVGHYL8nrTwyV0NO,wXxñytR2fwz6GNxn,ofbwryUs5G5CusSZ,KñWZ9Erd3sZVVaxR,1XO8DweEueOMqBSD
295025e5-7baa-4fc0-8d73-9e9bae966d45,DUubfiYrvAñFññbp,rbGb5KrDSPirNyRe,ðX0U58iX9K1C1t9v,KCu+9FtY9YzbZsBD,DeW407SrfYAdonHS
69e72165-54b1-44f3-a609-f9df6984d729,lKwYmRPbkQsG6k5X,dIpXKHYkMzg5vUkm,IJ76I2zPsPvWMqFM,9njVgfXsUalcqh6H,Urwch27JcVninF+D
382310c8-d7cc-44ff-a953-d5eb75350e9e,zk1U6eFCZHLlD09l,VkMjY3DAevKLP2dM,s43IejyXqyafJkVc,RR1WPM2qK9GXTyMk,Hz6DXFRqCjvpxjLq
f28ad532-2050-48b4-b56e-14af4fc8aeb8,esiLRlqrAygaQvyS,5WR4QCo0ebIbA7Ld,MPTSDS5oT+7Eet76,iNDB6h7LGWRx5KvJ,sVodrrARVYtU0wSo
824e2ea6-9704-4cf0-9322-808c16bac2e2,VwJBeWzQAkTZSeY9,Hz6DXFRqCjvpxjLq,slmr04c3mIRwH8s5,NS3yrSKOrhDWeW7+,wZz2b/WalHYXEdVT
ed5c73cf-47dc-45d0-8cdc-4f70803fb640,211o0ojJBgMIwP0v,46gwM5n9JHkIlVaV,kpYaK/ITbRnnTdoV,pkLlNuYD7uiuGbOQ,rbGb5KrDSPirNyRe
45861728-c87c-4508-9e3b-9f802ec5284e,JznP2ld11LFððWfC,Hz6DXFRqCjvpxjLq,qiaRUXw2OEWA4Rj0,gUeIhpG1Qñ3lelcl,yoipvH6AAPrZeaAc
6eff7c48-8250-462e-b329-d42edb1abdd8,Qr2CMj37WCWG+qC8,cjWDzpMrFVcPTðDG,SSP0/3PnFkZf++M+,8enzM+HQOWGkVaax,QWYK3u9KwIYfFSVg
8ae1c47a-5a19-4f0a-8fce-bf570bee8f5e,/koLUcFRlCFr0Oqa,/TrXNc+9JT7MguB8,elDbIJvHmuBxjFrE,icy8oWma516fz2pc,9SlabibQPIyudprZ
7e46054c-10f9-48a8-867c-55b0074bc248,KFNZpalZzXuJzx3G,sZduXEcññXDXwnxY,DTvEmkFJT593EE21,45eQgiZpuxDAkN78,Ea42URñ6sqOPho5M
1bf2d34d-927e-405d-ae4f-7d1458af128f,0E0wMnhYPVWP0ZbO,hfqUkf3pB4nNk5vj,eL6JaMAE1AlB9Dxj,Qd5fafxvgwjbBEit,Qr2CMj37WCWG+qC8
e6115656-3033-4d11-b991-513df716a333,LshygzmmcPMKMblZ,7TlAmBXdyuhTJXPP,OEp8JgAZsjFWOwzq,sGyaZ8gy9r2Cm60o,6Fo6hrr5KBBvG3Gv
233175c4-c881-4fff-bbe0-0a7096942cfb,iasFbHHRkSXxRheI,hKmlC8CWo9U1yO0B,miSeZVn33GoK6hKK,enEcnrGf2b7Ss83p,sVodrrARVYtU0wSo
e3f5c309-930b-477e-b0a1-6dacb1fcbc5b,TtHañCnnT9GE35Kh,UddQMSBY+63c/fCW,BCfQBaVjiwvRLS5O,PguGQCe6LTyzfq9g,i3mñTG9QJRyðRFYA
12e1f7e5-6a7f-45ba-973f-26bb3b7ff6bc,n1U0bKzN3pQKHdyB,DabtxzQrW7TYwl5i,esiLRlqrAygaQvyS,E6yAnqdMuLVzWJfc,NEt9gvTLj0U3e2e1
afa0f8ec-3584-4357-bc38-d77d428cea5a,MrfqAErsMZGNnjpA,tAKPdYeudMnYyhfj,vxvZTz1HknrL38Po,LmDxbS6Z9xDav4wI,5np0tVrEddFkYfvC
6f5830e1-bc62-4e84-b4cd-9f3dee8f4a7b,CSX334DsrkhATqN1,nU1NeRBCWð09w3ñi,RYPN60B4Ll6g7pN/,Wea7bwsRQ0S37tv/,doROhc+c6vWETKC+
f66a1734-c697-49f9-9afc-86f01638a132,sVodrrARVYtU0wSo,Hz6DXFRqCjvpxjLq,U4S5Axy9GlHRSygK,bPD9w31eASz+PBOE,jGehlIBdiT4jE3fI
88579153-7a98-4ac6-9608-6e800ce1072b,s7hrnJFvOf2YZ/6S,Ku9b/EM9egB4HJ69,p4iNJSOfE/DfmJf8,qq53HJMRPlAQKO0P,ecTJmf2udWucVq4J
e634e862-d4a4-49a2-b6fc-6bed0d82605e,kRod+6h8a26qIo0c,uqvygmxpñ2H3JF50,4pYwKh5Qw6MfkiSX,sVodrrARVYtU0wSo,KñWZ9Erd3sZVVaxR
67a2d3b7-1b7d-4455-a5c3-23d028661341,eU42KiKOrhAl554z,KñWZ9Erd3sZVVaxR,chDBqTeTiTeLcKHq,8g2ouY3qrFw36tñJ,ðDByWcfUsJW7xS79
136a57a2-9e2c-4f87-a239-e2f38b2034bb,Hz6DXFRqCjvpxjLq,ULdTVukwNxpS9iu0,211o0ojJBgMIwP0v,Wea7bwsRQ0S37tv/,VHFyEmFwVjT+DUk9
939cdf55-881c-4e6e-a62b-555cd0311865,jiap1Ay3QOVx+GLl,zcY/CfHUY1nTRjis,ubU7L/Lhod0tRTk4,MrfqAErsMZGNnjpA,CX+7mC57+us73GZV
77315444-debe-498e-80fe-bb08349a344e,I1SNVWqXY0eMDJ9N,JOwAJA5oXoWm/BAk,iPTVatIS4giXdOua,HSv6YmKfZICQ6ñn4,1EdtxWBnQZz7GRpX
afeb3038-8983-43c4-8c15-eccf84045a02,chDBqTeTiTeLcKHq,ubU7L/Lhod0tRTk4,ðTðk7ptCqLPUSM5W,IAZBkBSwPfthlJdi,YñpKQFuSIG3ifV8N
39ad5aa2-7b75-4ec0-9c1a-b979dab19e9c,tGt0e6Zw1Y3dSA4C,5EP8Y9dHAizuRivS,Hz6DXFRqCjvpxjLq,JUHjnpetJZazKQLh,K1CXop0lbQAAWVrQ
9d4f525c-d18e-4d48-bd5f-ecf6f107f570,Ld16P6kdEPyIj5og,R0XWxAE2V1pK8pPx,W6iV87tvuF1nP1qC,VwJBeWzQAkTZSeY9,wXxñytR2fwz6GNxn
1d18acdd-a78a-449c-8264-fae9155a9e2a,u2fBrñyYqvRuyZMq,Mrfd1FI8xA5wW9p7,cCepQJñRavzTs5ñI,KñWZ9Erd3sZVVaxR,eDn6XIOjzEdORG2l
3f3e5e0b-2dd4-403e-82a6-e0e9530579d6,GYhbVV2KITsCFy4c,8X84IBkO9Jav7uLP,YmiUUBdPHj29RKA4,V3tNFhOMjmaikQS7,Idw2OIUGdkOWaMCA
73d522a4-44dc-41cb-8244-dfe14c61f171,uqvygmxpñ2H3JF50,MrfqAErsMZGNnjpA,LmDxbS6Z9xDav4wI,kRod+6h8a26qIo0c,KynfTAfQña9Od9TM
34a59b73-369e-43c7-a57c-165519abc3b2,KFNZpalZzXuJzx3G,sZduXEcññXDXwnxY,DTvEmkFJT593EE21,45eQgiZpuxDAkN78,Ea42URñ6sqOPho5M
c71a0b17-84ca-47c2-9bd2-3067e3d881ce,T+7WyMnEIT9le458,OvEwxRuubvQFMauX,ULdTVukwNxpS9iu0,Hz6DXFRqCjvpxjLq,KGVe9CmqYXyoNsPt
ed297c80-2a83-4ca8-bef9-f1e783d933d8,DUubfiYrvAñFññbp,r7T0QBbuRY1p2rSj,xzlY/00W5LPQQZ5C,rbGb5KrDSPirNyRe,1RVC4ZgEWxyMNOCz
bca1539f-b84c-4981-b0a6-efa73ef23784,zhpcVYXSxQm2oeGg,LshygzmmcPMKMblZ,n1U0bKzN3pQKHdyB,N8T6d46kuAdQJC/3,7TlAmBXdyuhTJXPP
4daad067-654e-4b39-b1e4-1d20b6081f2d,Qa2m1zEKkZIdiW1Q,/7NSUO6Hop300YEa,BKPp3NJFgfO5S3oK,GYhbVV2KITsCFy4c,3Og6Rx4IV6q968PX
c8f6609e-69ab-46c3-b2b1-cfff9eca08c8,45eQgiZpuxDAkN78,DTvEmkFJT593EE21,KFNZpalZzXuJzx3G,Ea42URñ6sqOPho5M,tVgadN3fnLB5A9rl
8de039dc-aa6c-4e6e-a989-2b3394ff6fcc,FIhJwT/CGHkwxy/u,1cMzCi57+uuPK3Kx,ULdTVukwNxpS9iu0,IiHiAau9ExXT1qlR,8enzM+HQOWGkVaax
ce711288-3a2f-421e-8c70-cf812b9539d4,sVodrrARVYtU0wSo,Hz6DXFRqCjvpxjLq,U4S5Axy9GlHRSygK,bPD9w31eASz+PBOE,TUNqlsR1OB8IOe8q
f16bc210-dd58-401c-b2d4-04853a7a66bc,LKwTdbdTVlWlI40Y,ubU7L/Lhod0tRTk4,Sð5IMhgFIsa7Wq50,5Y88wfWN0pñOICND,kOLOpw+4fdPAvXW3
eb1f3596-43c1-49b8-9b4b-825b800b6a2f,NfxZhENH46t760c3,KDVmyHLD+kQlfTM+,yFhDOgHseYUFGJ1Y,ytTqRKmV5TEzNc9R,Qr2CMj37WCWG+qC8
48c4e126-979b-4f0a-acd7-63cd7147d754,JdudKLk6zMhM7tmG,DabtxzQrW7TYwl5i,7+w3Rf7NV0/vqijL,8X84IBkO9Jav7uLP,eE00aBKVkC7NYU6J
05e1846d-0e04-4e10-b73c-a6f706d1e50a,L69wFT179FIiu2uB,bY9GK7sMLnsQnakD,jbeFKx0ña12RWKnP,kUSkPuwcbz9n3xj2,72iMPngRLsgL7qQm
d4ec8d43-d835-43a6-80b4-30adaf5c05f6,OEp8JgAZsjFWOwzq,ñRMVWC6x4g4QxMcI,WVWDziJCiT0UttAN,fLdUlpFJ4IoXBHKn,8W4arw2KAch8uZ3N
dd3644ad-3fcd-4afe-b840-5bb0f5d5c891,G7avrOzcWiXDXLOg,plnXcEn7DFtT4qGb,vLFIQpTB+tC2NQJg,ihH3BnDtfkywh1nx,2RETðmONMndjPBh3
9aef8a1d-2827-4b69-854e-e51148c8859c,7+w3Rf7NV0/vqijL,eDn6XIOjzEdORG2l,BNAAzLw/FatDgPE/,sVodrrARVYtU0wSo,lu3OC/PPgMC7fYA3
990c9ceb-0bd4-4fb6-8b0d-3ca1ddf5318a,Wuc/Z4iyeAIrJyZc,7ð05ias3MWqZtZMC,pNQl3cQMTWux91mN,LSt6jAsbZISlY2BD,7/05ias3MWqZtZMC
f8b51a6b-1ac8-49c4-8266-9b560854ab73,211o0ojJBgMIwP0v,dUgMET4AYbPlrU8P,fpydrslJ1bfW6IgX,5sN7drtdoVi/QI0M,TtHañCnnT9GE35Kh
eb1c50ec-49b4-4a03-be83-38a7c4e03993,ðhSBmñg7pr7hT9T1,45eQgiZpuxDAkN78,R2ZCXjv6F9zptEco,Ea42URñ6sqOPho5M,yFhDOgHseYUFGJ1Y
14f19dc7-1a74-41f4-8785-19854b88bdcf,s43IejyXqyafJkVc,RR1WPM2qK9GXTyMk,hxgqSnqñ34TYi6ññ,EysX0ZAr5IC2uAJw,ak42fxUq20XlymLQ
d598bdea-efc8-4db7-b769-0bdb778267a6,PA1vXVv5VvbeZ0Hc,mOGawPyOhTS4TSTt,ñTa11XNgEQRK94XP,sVodrrARVYtU0wSo,5np0tVrEddFkYfvC
10e9d854-3ba4-425b-8e13-e6a27c002d66,iasFbHHRkSXxRheI,gc0eALrRSQY/ZAh7,cSFL0YlacWsnvypN,4cUUfJCfCQDKF3ep,miSeZVn33GoK6hKK
c0f86076-e22b-400e-a948-128233a637ed,P0BbRcG8/XJEEqiH,oX6pyjfPKrkgJ16V,qTtqpjO6FDgvROkg,ZfU9Tl/j27svxjEE,U4S5Axy9GlHRSygK
f95d2071-b756-450a-b2bd-fc212dfc9b68,E5ñPs5exCiQBvcñS,BoRG5d44GñQ8a3WB,s3/3QwD2gLGt4IO+,Cz24M2J4auYuph2v,iIjzGQfn1nHy/gvB
bf8989cc-0f48-4160-bd4e-11dbf502b3f7,tINkGdHklkjxu0tK,211o0ojJBgMIwP0v,Z/Q2zx25bJ/+9zAt,KFNZpalZzXuJzx3G,dQADVfFXp5EcqwJ4
dc7b8a89-1d38-4cb2-aab5-3a23075e3184,sVodrrARVYtU0wSo,Hz6DXFRqCjvpxjLq,U4S5Axy9GlHRSygK,fLdUlpFJ4IoXBHKn,TUNqlsR1OB8IOe8q
9c8ede06-c779-468f-bb5e-e55fd33f6238,plnXcEn7DFtT4qGb,MPTSDS5oT+7Eet76,LshygzmmcPMKMblZ,sGyaZ8gy9r2Cm60o,Kgqh03QKWSdEaQck
bab42016-7131-4dc3-88e5-572dc35f6f18,lEVJTngbparNTf5M,aKlYVxKPm3yS9q56,dN9imU8iezibNsRG,j8ñ6rqFzðFAx19XJ,eDn6XIOjzEdORG2l
3afbd4a0-938b-4daa-9503-34bd4fa6078b,VHFyEmFwVjT+DUk9,E8ZRTTkkrXlqk6l3,Hz6DXFRqCjvpxjLq,RepGgiCaCdgVHXXo,Qr2CMj37WCWG+qC8
6133c7c8-98d3-4a01-b2da-3fa32f3c4a4e,Mrfd1FI8xA5wW9p7,DabtxzQrW7TYwl5i,n1U0bKzN3pQKHdyB,vz2SNcQFRt2DvyGT,LKwTdbdTVlWlI40Y
98d5dc68-e361-4055-be6d-cc81e7a6ddc7,ZvYcuGR1YCPQsBxH,s7hrnJFvOf2YZ/6S,p4iNJSOfE/DfmJf8,6WEksNJyD1T4ZDaH,ecTJmf2udWucVq4J
2fa22595-774c-499f-89bb-79c9358ba23b,QWYK3u9KwIYfFSVg,H1tLxw4nVrlZMEa7,/Zw4AYf44gQ70x/Y,R4L1778P3eCMIkjo,cjWDzpMrFVcPTðDG
fbe680af-3f92-4b2a-92d4-0a982b89636e,ZvYcuGR1YCPQsBxH,s7hrnJFvOf2YZ/6S,MaohY4yitPXkRML8,6WEksNJyD1T4ZDaH,sifOVpDfoAKFTyX5
cd397554-adc1-407e-aac2-6b2e930ac3e0,QVKNbyñ9MtKXñ4fW,m4J0Xr8TG9VfmTt7,05wnqNT8McdaYEtV,vmt5g0nWjNlBsZ7L,LKwTdbdTVlWlI40Y
a50115fc-de78-4857-9403-d4e1d435fe36,VwJBeWzQAkTZSeY9,Ld16P6kdEPyIj5og,PuXLhLm7gaJ+Kjfd,NS3yrSKOrhDWeW7+,NY1fpYvdeXWedKT/
4f1f6dae-9d68-478f-982c-cf0d04c1ddd0,vF9mbqBIpDdynvmV,CUz1MFtF4pVc1ign,Wuc/Z4iyeAIrJyZc,sGyaZ8gy9r2Cm60o,258SO/qLlLBrvLAA
926d9b0a-1439-48a6-83ca-7959dff93f10,UddQMSBY+63c/fCW,9njVgfXsUalcqh6H,fB5eeZWsMoRzt4un,nnSqsRKabHxhVRYR,bcVMWLiwgDeO5d+7
bc1f531b-4f25-455d-81ab-b38390880161,c0wru9kom/zOYyQ4,At3O2eñNrfgkjsEy,kshixQqr5PNhqkTT,v8nMKL0RBewD5/KR,UgpJ6vcz0Oe42Or5
3aee2875-7d78-4186-abfd-826939f44ed4,oKor0N6fmR5dxnTM,fB5eeZWsMoRzt4un,P0BsNbN+2TS1bqz6,nnSqsRKabHxhVRYR,2nJ61sAE1AkBEb/X
8d6d9836-a16e-4e12-9248-404a26dfff8f,DMNiKvNHgGDñyjb7,7TlAmBXdyuhTJXPP,eU42KiKOrhAl554z,LKwTdbdTVlWlI40Y,mRu+hyzXXdkEGK98
99ca3c93-4f8f-4aa5-91be-c8937f0a671b,SVYhS2hvNIPLm43m,w0gI/fteULp80jOD,iNDB6h7LGWRx5KvJ,2Wass0GDcIpA+RTu,tVgadN3fnLB5A9rl
0645a790-ad82-4380-9ccf-3bf9be7bc45c,3hqMKqzqBZzctnZA,cjWDzpMrFVcPTðDG,HW75ZMCxyvMGTiX0,Cz24M2J4auYuph2v,vnGUnhvXZmz5jupw
7a591758-101e-4fb6-9f33-27a3aab1105a,vF9mbqBIpDdynvmV,Wuc/Z4iyeAIrJyZc,CUz1MFtF4pVc1ign,pNQl3cQMTWux91mN,jEv0KQgVeñE98MdQ
ce839aee-f2cc-4ef2-8506-f2c033f641d3,HW75ZMCxyvMGTiX0,etejHVLhNTvt1OQW,p4iNJSOfE/DfmJf8,fCongc1lFC6fYtFM,o3INhyVHUu5Zf+0C
57973e2a-9eb5-4e1e-95ea-4814d5255445,rmobfUTJl1k5TKXA,kzP2vBzXj2iF8Trc,mfnqkNbiWgn5AEkB,aYTMim7wjno1b25E,c0wru9kom/zOYyQ4
caf7568c-9443-4728-849b-5c5cdbb5f6b4,IMChu2SOD7/r2BFx,3hqMKqzqBZzctnZA,785QZ/1k9cLoFDVl,fpydrslJ1bfW6IgX,211o0ojJBgMIwP0v
6a5c9aa6-14df-4698-9492-7f7b79b01a2a,Idw2OIUGdkOWaMCA,8X84IBkO9Jav7uLP,GYhbVV2KITsCFy4c,gt6L8yIYUhCqus1s,7+w3Rf7NV0/vqijL
feb058b4-d001-4d43-add3-71161130e00e,duou0mzVL/GTVEhR,hM8x8TegteMkGdJ5,uKw8dtZcKJoDNWFD,y9jSAf3Ub91Zlb/D,BP5cNg7dEWmwG1IL
ecdebb2b-1ef9-4843-814e-c7c3e5404272,rBO3qv82jYHC5iU9,2TivGsQXmqtR35n0,8X84IBkO9Jav7uLP,8AQ0iXQ5Q6SH2qcz,jcJOcGIIm1ðfuLnc
0fe8c614-d2d6-4b2e-93fa-e6bf6d2bc7a9,2laltitgFqTgPY5O,RVXgJdCzJZRFMYUB,Hz6DXFRqCjvpxjLq,Vv3SpCxqSf55Cñ7z,JVGHYL8nrTwyV0NO
c7a9ef0d-8b3c-4141-9999-1d7431aaf503,hM8x8TegteMkGdJ5,FxMdoi553RjTP4ñZ,GHSTggpYBWCppOiG,tGt0e6Zw1Y3dSA4C,uKw8dtZcKJoDNWFD
c550c3fd-bc5a-451e-9880-9cdb4269898d,u2fBrñyYqvRuyZMq,Mrfd1FI8xA5wW9p7,U4S5Axy9GlHRSygK,KñWZ9Erd3sZVVaxR,FJltoC9LMzMLyyJY
af33d68b-13af-49e7-955e-ca0282bb87f6,YePG9YqczOYpI3WI,MVF+FkkpTJIswlRm,Idw2OIUGdkOWaMCA,CUz1MFtF4pVc1ign,NS3yrSKOrhDWeW7+
99946a69-41be-4f2b-8899-f886950b4893,Qy5qx6trlDr4QhDR,w0gI/fteULp80jOD,ghHXyZ8UctG54z/S,9njVgfXsUalcqh6H,8kRIZHdoq5wpiUYY
5f38f92f-ff16-4bee-b1cf-8a51e91eaf2d,hKmlC8CWo9U1yO0B,MC8IswbB2Gw9M2zH,Eug0FkQshNKKcdMD,59ArY3nRuN2X4DlZ,jCwNjy2gHM7SYJeL
9d6b97db-3063-4f60-bd24-685745078d06,IF2Qs5kswlJTiKC1,8enzM+HQOWGkVaax,yFhDOgHseYUFGJ1Y,tVgadN3fnLB5A9rl,Qr2CMj37WCWG+qC8
fdf31f2c-f88b-48dc-b07d-8fcabf1186f2,JznP2ld11LFððWfC,O4YptitDBLWrIi8D,MTZvFUIy3oCdUzpt,tINkGdHklkjxu0tK,Hz6DXFRqCjvpxjLq
a0c1fad8-9ad8-40c2-a8f9-6b0271ff1857,KñWZ9Erd3sZVVaxR,EiKSJBo3ngwZrhMC,zFbnWo0ifGsmXUvh,be0GOCw8GFfW/qAM,JOwAJA5oXoWm/BAk
fdbe7cdb-5562-4967-9936-154177191793,n1U0bKzN3pQKHdyB,sGyaZ8gy9r2Cm60o,LKwTdbdTVlWlI40Y,Mrfd1FI8xA5wW9p7,DabtxzQrW7TYwl5i
2e3bfdf6-9469-4539-a8d3-a888135ae624,UddQMSBY+63c/fCW,9njVgfXsUalcqh6H,fB5eeZWsMoRzt4un,nnSqsRKabHxhVRYR,bcVMWLiwgDeO5d+7
e6363723-f776-4e9f-8f97-f6cb9bc336ee,Hz6DXFRqCjvpxjLq,sVodrrARVYtU0wSo,NS3yrSKOrhDWeW7+,ULdTVukwNxpS9iu0,MVF+FkkpTJIswlRm
05104433-6f27-4df4-a190-2d1c87a61a4e,5LolRBs2thxGwvtu,E8ZRTTkkrXlqk6l3,0lD2UxkSidy2xMBi,OdlXynW2cVJl8ITm,stz1PBJikh9KFvOJ
57302b53-884c-4685-83b5-ec29dcb699cb,7TlAmBXdyuhTJXPP,q63jCyu9yD90hRBQ,Jf4rc/y0isJxodCC,plnXcEn7DFtT4qGb,jKMðUW69H162wUo0
bc654acc-d10e-43e4-ac16-8fa5ad8da876,BmurIa/nBglmBV1k,jpETof9R1KfqmmvO,LKwTdbdTVlWlI40Y,YñpKQFuSIG3ifV8N,bkYcufUMa9Dkvf0W
d6b0fcbe-b812-4440-8adb-4be173a67491,UddQMSBY+63c/fCW,9njVgfXsUalcqh6H,fB5eeZWsMoRzt4un,nnSqsRKabHxhVRYR,bcVMWLiwgDeO5d+7
dc9b875e-72a9-4ae6-86f2-8e63fa91a57c,1iQGRUfOEq7TzSHE,i3sNsaQtryfSOHzD,At3O2eñNrfgkjsEy,N6pOvQE1w9gQsh/J,EUoTvR5F9wCNsK4B
c6627b38-771f-46e7-995a-908c773084ca,Qr2CMj37WCWG+qC8,tVgadN3fnLB5A9rl,KDVmyHLD+kQlfTM+,Qd5fafxvgwjbBEit,LrX1TYjw355VhqpM
363a26de-ea90-45a5-ba02-17a2183f77f9,DxyMsagyfNpI0kwL,3NJ2u1KKñqYv5B9e,Ld16P6kdEPyIj5og,sVodrrARVYtU0wSo,L2z0m3eJu7hzxD1e
46764638-f704-4920-8219-673ac5d20c76,UddQMSBY+63c/fCW,9njVgfXsUalcqh6H,fB5eeZWsMoRzt4un,nnSqsRKabHxhVRYR,bcVMWLiwgDeO5d+7
d96ec82e-7f4d-4ff1-8a97-785a39f091d0,9SlabibQPIyudprZ,JOwAJA5oXoWm/BAk,iPTVatIS4giXdOua,1EdtxWBnQZz7GRpX,HSv6YmKfZICQ6ñn4
77726582-1595-4e95-b9e8-143ba20728f1,aBtg0qhgVOsKsLDP,L6/2goVJuFMnCNTY,BAEWq91zDhziml9q,sVodrrARVYtU0wSo,L2z0m3eJu7hzxD1e
84bd1061-a092-48ba-aee3-8c56a788e78e,UddQMSBY+63c/fCW,9njVgfXsUalcqh6H,fB5eeZWsMoRzt4un,nnSqsRKabHxhVRYR,bcVMWLiwgDeO5d+7
b6a33e4a-6733-42a1-b89a-356c6a89e6e8,y7ngiHYsrro00b3h,MrfqAErsMZGNnjpA,8HvU+tGSRDXu7t75,LmDxbS6Z9xDav4wI,vxvZTz1HknrL38Po
4a1178ed-e282-4ffe-a8b5-5e3767f3f066,Hz6DXFRqCjvpxjLq,Sk0eraysYKckKORZ,qljfOYBSyqMmk31E,vAmS6YTovZxZCUwC,9MhlkHcmNcjXAZhg
5299e6e1-2e58-4b46-829b-ae6b7d09cac7,r7T0QBbuRY1p2rSj,xzlY/00W5LPQQZ5C,1RVC4ZgEWxyMNOCz,DUubfiYrvAñFññbp,Mu8tsf4YYFvtcOH3
2e8f3cd8-d985-4ac9-be2b-1cf729f0f954,MrfqAErsMZGNnjpA,KynfTAfQña9Od9TM,sYODi27Q5o1aVUWW,uqvygmxpñ2H3JF50,ðFVSEgv2InufIWNE
15380c28-3d6d-42c5-99d8-a377c1969ba6,n1U0bKzN3pQKHdyB,DabtxzQrW7TYwl5i,esiLRlqrAygaQvyS,NEt9gvTLj0U3e2e1,E6yAnqdMuLVzWJfc
9baedfb4-2b9d-4a84-9048-58ebf045d1cf,Z/Q2zx25bJ/+9zAt,8E5hJVXYjHbnxSay,ZðQ2zx25bJðñ9zAt,qiaRUXw2OEWA4Rj0,211o0ojJBgMIwP0v
7c8c8f34-aecc-427d-b1f0-940692a2b51d,VeG0Ocr1k6ijTR3r,PJJQWx861pw8bFR0,N0a97jaFtq7TkCpo,U4S5Axy9GlHRSygK,y9jSAf3Ub91Zlb/D
09a306b4-5a4e-4d97-bf71-370eb6d3b180,UddQMSBY+63c/fCW,9njVgfXsUalcqh6H,fB5eeZWsMoRzt4un,nnSqsRKabHxhVRYR,bcVMWLiwgDeO5d+7
44ac5b84-19e1-45a6-8b22-d1f01d3388f8,n1U0bKzN3pQKHdyB,esiLRlqrAygaQvyS,Mrfd1FI8xA5wW9p7,AQs4JM0X84m0XGzO,sGyaZ8gy9r2Cm60o
7f20eb62-d0cd-487c-bb79-a5a59de30b71,Hz6DXFRqCjvpxjLq,ULdTVukwNxpS9iu0,211o0ojJBgMIwP0v,TtHañCnnT9GE35Kh,KGVe9CmqYXyoNsPt
6b78f793-52d0-46a0-b591-76792e1abd09,oKor0N6fmR5dxnTM,VnA7fT/c3dLStGRv,zGQYkWTE+GZLrAQM,qljfOYBSyqMmk31E,qiaRUXw2OEWA4Rj0
4626606d-f956-4aa1-a66b-406a1f90a6cd,Hz6DXFRqCjvpxjLq,sVodrrARVYtU0wSo,NS3yrSKOrhDWeW7+,U4S5Axy9GlHRSygK,ULdTVukwNxpS9iu0
28372a73-89fc-4c58-bf72-3cdbdb7c0c9b,KFNZpalZzXuJzx3G,sZduXEcññXDXwnxY,DTvEmkFJT593EE21,45eQgiZpuxDAkN78,Ea42URñ6sqOPho5M
f8da3c63-977e-429e-8ac6-55ece6545150,Wp4Z9YvpDdñ0SsP6,Tlv4T/9cN0uY9Oyk,XgbLVnwzSgf9KDfd,JZwIMdDxvIhZONQW,At3O2eñNrfgkjsEy
ef5af315-8195-44da-97c3-0994a11fe243,ZðQ2zx25bJðñ9zAt,kGe0c8NnYwUdJf3J,8E5hJVXYjHbnxSay,mW0NlRyHAD8r2YrO,Z/Q2zx25bJ/+9zAt
889e2e2f-0a28-42a0-9a8b-d53bd7a5cad4,Hz6DXFRqCjvpxjLq,ULdTVukwNxpS9iu0,NS3yrSKOrhDWeW7+,sVodrrARVYtU0wSo,seRIq1I6WOKdZHwU
49594442-0f3c-45f9-9500-42b97b2a7148,n1U0bKzN3pQKHdyB,DabtxzQrW7TYwl5i,esiLRlqrAygaQvyS,E6yAnqdMuLVzWJfc,NEt9gvTLj0U3e2e1
e0781df6-a656-42e2-9678-ae5e5781cc4b,ecTJmf2udWucVq4J,tihDOshO/8ilpSIQ,FjbFyHAgUzyBfwC5,9OSoHnpWdpbwQY7d,5Wz9gJ0tiS2tEwJp
90aa8270-dade-4622-b577-20ddbd4a01b6,Hz6DXFRqCjvpxjLq,I1SNVWqXY0eMDJ9N,bPhhuPbhIAsrhMqQ,ULdTVukwNxpS9iu0,aQS0auxCyxsdLaGf
71bbf121-b95f-419b-bccf-37d811715178,R0XWxAE2V1pK8pPx,beDE+npCvbHNmzu1,s3/3QwD2gLGt4IO+,MrfqAErsMZGNnjpA,F3XHe2w9NrLoZn13
f3897b9c-9ea3-4f4e-8170-fd0e71601eb4,+ggbF1EfTE/09Ubv,tG/RT204xQ81Cq9h,etDp7se6b3wTnwNa,MaRSfgt10G3OGNAd,LxrfZujlif2kd4PX
a8d6aa08-8d3f-4fb2-846c-7adee52b0cc2,y7ngiHYsrro00b3h,ka2OiLVvzZha1AUD,bWTqlAhIf96eMLbL,BP5cNg7dEWmwG1IL,M00bPðDyGne4qeh7
a0ceb09c-1c04-4405-bc47-6302c2f0a835,VwJBeWzQAkTZSeY9,sVodrrARVYtU0wSo,1nlt1c5u5zMcyG3i,lclcGn7sWLPB0DZO,Hz6DXFRqCjvpxjLq
e6afb096-79b5-4b88-a130-06eb113fba84,5Wz9gJ0tiS2tEwJp,ecTJmf2udWucVq4J,sYXlCNpwLEiS9Yge,tVgadN3fnLB5A9rl,jBroHH2jW1DsRqQh
7482b12b-4de6-41e9-b5bd-98bfd7baebfd,W6iV87tvuF1nP1qC,FXEk64FnP8hvo/QQ,7TlAmBXdyuhTJXPP,MrfqAErsMZGNnjpA,wXxñytR2fwz6GNxn
d6856aed-4ef9-4509-a178-02d5bd8e0ce4,Q0DñrFOma0fONZOa,KñWZ9Erd3sZVVaxR,FJltoC9LMzMLyyJY,Lv9mnEfWaM9UEUBG,M00bPðDyGne4qeh7
fb3e8d66-b267-459b-b738-debd033d8dae,FFoTyirwRtUlsxO3,c9+FNTorryJWQjeJ,T1mWGSIqcDbhXTpF,w8qLTuJLGh0ItTVk,kUSkPuwcbz9n3xj2
0db4d61c-5e8f-471b-8292-424aa129b0bc,NiErYGVEF2nt7qtw,gpnGErAOcJH1MIKo,MO99AvLfeQy+0ahA,4WrN2zIanZF+iXp5,tihDOshO/8ilpSIQ
312ecc8c-402b-42d0-b831-7b5257a13afa,At3O2eñNrfgkjsEy,dWfw7pgfYOtpewqc,6+nihrFpE757LD/a,QVKNbyñ9MtKXñ4fW,v8nMKL0RBewD5/KR
342f9eec-e0f7-470d-b9ae-4f1c143b5f4e,N9Yñ42dSC5frPZhR,BAEWq91zDhziml9q,0rnmOkgaH5xfN8kX,YñpKQFuSIG3ifV8N,plnXcEn7DFtT4qGb
ec19a26e-b511-4afa-a6a8-82ae91cfe3a6,Rs5wPTg0oeXwn5QU,s6DaRGziM5NQJYzf,cCepQJñRavzTs5ñI,KCu+9FtY9YzbZsBD,sGyaZ8gy9r2Cm60o
de13c393-2bf9-4098-8ab8-97127b476fe5,sl335dcE6oOgvSZW,FrNEHNUj4KaiLazz,7TxoygGbSyz5Zy1M,n0odWN10aNwWsRPd,9nnK7hlsrq6cdWSz
468a3575-be3d-499a-9e6d-b7a856823f28,Hz6DXFRqCjvpxjLq,0lD2UxkSidy2xMBi,DDMlJ8aQNUIfCD44,/xgpXKzKiTyClm9g,VMx2V22ymPFWis7l
370d3860-d8a1-4612-9182-145602bc8987,LGoIGLgyg0cj57Y6,V3qOip4Yf9tO4vWh,KpJcXS5X0IR7OYtð,3NQvGA0MnUzedyCc,SñwsJ90EQhXOg3JF
8bdaedc4-fbab-4ef9-8328-bcd6880da865,UddQMSBY+63c/fCW,9njVgfXsUalcqh6H,fB5eeZWsMoRzt4un,nnSqsRKabHxhVRYR,bcVMWLiwgDeO5d+7
37231fd5-2f5f-43f7-bd3a-c9bb3805f7b1,aolFSñuycfTqjE7l,mRu+hyzXXdkEGK98,BkipHZy3cMIjcXWM,JVGHYL8nrTwyV0NO,7TlAmBXdyuhTJXPP
911894b8-58e6-4bf1-ac96-c5cd087270a6,u2fBrñyYqvRuyZMq,KñWZ9Erd3sZVVaxR,U4S5Axy9GlHRSygK,Mrfd1FI8xA5wW9p7,FJltoC9LMzMLyyJY
bcfa2bf2-717d-44c7-b3dd-ae12ae2df1ce,LKwTdbdTVlWlI40Y,S4iSCjhg7dtYx41E,wBUTEtfcUXx91xin,Mrzwd/LzNGE4muIS,pMFkpqKIct4G1ha6
3e72aa41-2e7c-4962-bb98-7acfde920ccc,j3soIiaoAB6OILRH,KñWZ9Erd3sZVVaxR,i3YpYyA1mUxq93yo,zFbnWo0ifGsmXUvh,JOwAJA5oXoWm/BAk
43cd08d5-9049-41fc-9513-ac1a3ec08119,HQ5xIOuse7K6CtOB,BkipHZy3cMIjcXWM,4KipAh0ane3LxIaZ,LKwTdbdTVlWlI40Y,KñWZ9Erd3sZVVaxR
eb8d6760-a2eb-4d4a-b96c-ee880c1a4c14,Fqu3j1GZ+1SZLVkI,I0nILGJf8hRCMoEs,s3/3QwD2gLGt4IO+,Cz24M2J4auYuph2v,BoRG5d44GñQ8a3WB
7caf7775-7458-4e96-b7bb-37717cbd2fa7,FrNEHNUj4KaiLazz,r7T0QBbuRY1p2rSj,wBUTEtfcUXx91xin,Hz6DXFRqCjvpxjLq,DabtxzQrW7TYwl5i
0ac94d2d-6064-43ee-8d01-b875d9408164,gjrOclKwDAWEeJlJ,0dPiFJEM0JcuppVR,UX5BQJbEs4Oo0znX,mKla0/nMG91hHzkS,6Fo6hrr5KBBvG3Gv
218fbaf4-1166-484c-9bdd-32ff2c23baa7,sGyaZ8gy9r2Cm60o,DabtxzQrW7TYwl5i,LKwTdbdTVlWlI40Y,esiLRlqrAygaQvyS,Mrfd1FI8xA5wW9p7
4a9ca632-5f53-403c-9db9-bceaf9ec0d2d,j8ñ6rqFzðFAx19XJ,QfLr2Wwt55mSf4+w,dN9imU8iezibNsRG,jCwNjy2gHM7SYJeL,UZrJSrX60PK4eIrs
7cc4cf9f-70c2-4483-8e05-ffffe5dd257c,Vv3SpCxqSf55Cñ7z,RVXgJdCzJZRFMYUB,JVGHYL8nrTwyV0NO,duou0mzVL/GTVEhR,/Zw4AYf44gQ70x/Y
9996ac1c-9f8d-4cbb-943c-4236fb190735,Q39F79bG9eNAH8zC,VkMh0rVIyzpFVbIg,lkX7HDLhpjJjysP2,BP5cNg7dEWmwG1IL,UZrJSrX60PK4eIrs
7aff0eb8-768b-4218-97f9-a953ae3b6f36,Hz6DXFRqCjvpxjLq,ULdTVukwNxpS9iu0,NS3yrSKOrhDWeW7+,Wea7bwsRQ0S37tv/,seRIq1I6WOKdZHwU
cda9c0ec-8d81-4621-9c7c-fc048fe79141,uCv6ñ82rZQq6qGuK,pNQl3cQMTWux91mN,CCZTGBLJHwH7Lalk,JA8s4PVXEVL4vðhB,CX+7mC57+us73GZV
6717f2a6-07ea-497f-b105-d5bb6b8d30b7,CiqrBauU4O8n63GR,jbeFKx0ña12RWKnP,kUSkPuwcbz9n3xj2,LshygzmmcPMKMblZ,RS10IeSao2CVKXK5
fa723213-5545-49b7-99c5-159e63109f73,iBVeFfqsPsnlg5BB,ZKoTRUOHM4qPSRvJ,9ññqET8WfM0LQ8P8,lClIUPXLOASP3OkU,4WeZUk7BOghðbMJq
92d221b3-c9ea-41e6-a717-1a871df3403c,Oreoo1J1V0Hq6LfH,EUHñMcqRwJif7T8p,IJ76I2zPsPvWMqFM,F4aze3YHðk2IT6qP,ElSf4PIUSgVJñg5f
949454a2-faef-47e0-892a-79c53b5f4d4a,pNQl3cQMTWux91mN,Wuc/Z4iyeAIrJyZc,7ð05ias3MWqZtZMC,7/05ias3MWqZtZMC,LSt6jAsbZISlY2BD
d7531a43-d4c9-4b5c-9acc-d7f44e681364,lKwYmRPbkQsG6k5X,FUoD8jZBmJo9FgkS,YPEfljxeVM9SRKWK,UddQMSBY+63c/fCW,argByJZ5Tc8bU51y
438c9dd5-8f02-4ee1-aa74-f9ba80af16de,sVodrrARVYtU0wSo,VMx2V22ymPFWis7l,KñWZ9Erd3sZVVaxR,4pYwKh5Qw6MfkiSX,8HvU+tGSRDXu7t75
e6f24547-1a62-4277-bfb9-5bb5f339dc24,sVodrrARVYtU0wSo,Hz6DXFRqCjvpxjLq,U4S5Axy9GlHRSygK,bPD9w31eASz+PBOE,jGehlIBdiT4jE3fI
36e5b5af-e86e-4bcf-bb57-f4e9c47a280d,chDBqTeTiTeLcKHq,sGyaZ8gy9r2Cm60o,LKwTdbdTVlWlI40Y,Mrzwd/LzNGE4muIS,pMFkpqKIct4G1ha6
dcd3c2a2-9dba-4f35-9e4a-426598dfb548,4psNA+AN9tJtF/fM,Hz6DXFRqCjvpxjLq,sifOVpDfoAKFTyX5,jcJOcGIIm1ðfuLnc,sVodrrARVYtU0wSo
40f17cca-2d14-4f2f-b7f5-ee18bed43f5d,kUSkPuwcbz9n3xj2,RS10IeSao2CVKXK5,plnXcEn7DFtT4qGb,jbeFKx0ña12RWKnP,LmDxbS6Z9xDav4wI
a6f662ea-21de-4c61-bdc6-bf952b0a7efc,IñZgTN7okI7MWOW5,umToNkIV5Ls5wGJo,BwSQzCtqmajRyðrV,jEkYprKkeAmD9qða,Hz6DXFRqCjvpxjLq
70d138e9-6f50-4748-921e-1ab755a1e468,Hz6DXFRqCjvpxjLq,ULdTVukwNxpS9iu0,211o0ojJBgMIwP0v,iIjzGQfn1nHy/gvB,KGVe9CmqYXyoNsPt
9e12841b-7537-42a5-b8b3-59d78934e0b7,O4YptitDBLWrIi8D,tINkGdHklkjxu0tK,JznP2ld11LFððWfC,umToNkIV5Ls5wGJo,MTZvFUIy3oCdUzpt
d3e54cba-208e-4e03-a266-d6a3889f5238,QfLr2Wwt55mSf4+w,q3gsQq8nW/2KmTDt,ecTJmf2udWucVq4J,jCwNjy2gHM7SYJeL,Qgvp6woLXC7YxFgB
94f64237-6379-4b26-9cf4-a8339e846096,MAHGcKcvHSf1V5oe,45eQgiZpuxDAkN78,J/GgYzNBlbdQrgjN,KFNZpalZzXuJzx3G,MTZvFUIy3oCdUzpt
02a3ed8d-51ac-4862-b9e6-bd07f7b05fe1,y9jSAf3Ub91Zlb/D,BAEWq91zDhziml9q,7TlAmBXdyuhTJXPP,0rnmOkgaH5xfN8kX,/Zw4AYf44gQ70x/Y
fa180cf5-8d66-4ab2-aa81-7ed04d9b3cb0,QtfjfO5dYsrAeVJP,sVodrrARVYtU0wSo,lclcGn7sWLPB0DZO,fw9JQ0lUz+TUVXuW,wnTNpXwldomUYSkX
ab18dcc5-6d88-4148-87f1-ded30fe90aee,sVodrrARVYtU0wSo,Hz6DXFRqCjvpxjLq,U4S5Axy9GlHRSygK,bPD9w31eASz+PBOE,jGehlIBdiT4jE3fI
270ac07c-f177-4ee7-9ae0-407bb30c6d37,KFNZpalZzXuJzx3G,sZduXEcññXDXwnxY,bcVMWLiwgDeO5d+7,P0BsNbN+2TS1bqz6,fB5eeZWsMoRzt4un
b454a6a3-cb15-44ff-89f9-28d0adb5887e,vu77D3Lgxt3Ys8/C,LmDxbS6Z9xDav4wI,DxyMsagyfNpI0kwL,2v2Y59aWCkUoGKFñ,+O9r/jmRcJ7i4eJq
fc672fcb-ee5e-45f3-b1de-30d070a4625f,sVodrrARVYtU0wSo,zKxhjoZtXyNqG7ut,MrfqAErsMZGNnjpA,kOLOpw+4fdPAvXW3,GNpdf8EkLGdLpvIe
61f77fee-b8f4-4f0a-8ad2-f745ba705fff,RsgygBVr+D1une66,4cgHFZrfP9SvUZmu,4VTS3fkWAMGWmSo4,/koLUcFRlCFr0Oqa,+O9r/jmRcJ7i4eJq
e60fc540-41c9-4f4b-ae11-0a2561ceba59,ñ2ZMvtqUXEn3yZñq,Nqbs5m673llKL4L6,sVodrrARVYtU0wSo,Hz6DXFRqCjvpxjLq,dWfw7pgfYOtpewqc
396c0ca1-30b8-473b-a5ae-e7900c62cb54,UddQMSBY+63c/fCW,9njVgfXsUalcqh6H,fB5eeZWsMoRzt4un,nnSqsRKabHxhVRYR,bcVMWLiwgDeO5d+7
172938e0-6e77-4f42-88eb-c399d88f9a59,2nJ61sAE1AkBEb/X,oKor0N6fmR5dxnTM,i3mñTG9QJRyðRFYA,doiS2PWiIbgX4Uhx,fpydrslJ1bfW6IgX
5206866c-3aef-4fa2-b515-0ef9ec1a22b2,I1SNVWqXY0eMDJ9N,bPhhuPbhIAsrhMqQ,slmr04c3mIRwH8s5,YePG9YqczOYpI3WI,MC8IswbB2Gw9M2zH
8ce4e6cf-e44c-4e36-9543-924cbe0bb9e5,RcRhZQwi6HVwiJqO,PguGQCe6LTyzfq9g,b3a6u4hejkcmrv8J,mKKpNuEV0KGP7+vl,i3mñTG9QJRyðRFYA
25ec86ec-f6d8-4099-89cb-5bbaefc708c1,uCv6ñ82rZQq6qGuK,Hz6DXFRqCjvpxjLq,CCZTGBLJHwH7Lalk,CX+7mC57+us73GZV,fw9JQ0lUz+TUVXuW
c99a0610-8c6a-40f3-935f-05b7628ced97,TtHañCnnT9GE35Kh,BCfQBaVjiwvRLS5O,nnSqsRKabHxhVRYR,211o0ojJBgMIwP0v,KGVe9CmqYXyoNsPt
220d66c1-f711-4e85-b80a-a6fe051ef8d0,L2z0m3eJu7hzxD1e,Wh0RZHPvqIAu08Og,Np7zlk2M5KAsIk0M,kOLOpw+4fdPAvXW3,k+bjHkCNrlf/cnTY
2e192030-78b1-4618-a1eb-84c99e172325,MaohY4yitPXkRML8,LmDxbS6Z9xDav4wI,SSP0/3PnFkZf++M+,kUpr4bByjPu/V0F0,MrfqAErsMZGNnjpA
9f746cca-fb70-45c9-b0a9-0112dc50a238,hM8x8TegteMkGdJ5,tGt0e6Zw1Y3dSA4C,OEp8JgAZsjFWOwzq,snRLIXñ2ZbvGMLDU,zhpcVYXSxQm2oeGg
9058cb0b-50ab-4f69-afd1-9cc98d201ad7,UddQMSBY+63c/fCW,9njVgfXsUalcqh6H,fB5eeZWsMoRzt4un,nnSqsRKabHxhVRYR,bcVMWLiwgDeO5d+7
d0145c4c-0d02-4294-882f-ddde248effe0,Mrfd1FI8xA5wW9p7,r7T0QBbuRY1p2rSj,n1U0bKzN3pQKHdyB,lvb7b0n3prwWsJðv,HvzBwj8W4j6CXztk
30c56998-7837-4be6-90fd-ccedfd37f0b6,U4S5Axy9GlHRSygK,Z2wVLnT01dMLfrKf,R4L1778P3eCMIkjo,QWYK3u9KwIYfFSVg,r7T0QBbuRY1p2rSj
6a3bb462-a117-445b-a65d-4b2ffd5c42cb,Hz6DXFRqCjvpxjLq,sVodrrARVYtU0wSo,NS3yrSKOrhDWeW7+,ULdTVukwNxpS9iu0,MVF+FkkpTJIswlRm
6542e6bf-8bea-411c-a80e-aa73598db64b,T1mWGSIqcDbhXTpF,KBWo1rGXmicJ+Tv/,4VTS3fkWAMGWmSo4,+O9r/jmRcJ7i4eJq,HW75ZMCxyvMGTiX0
c64a39a5-4409-470b-b76e-0704f0aa07ca,r7T0QBbuRY1p2rSj,DUubfiYrvAñFññbp,1RVC4ZgEWxyMNOCz,PrliRQiAyreXq5Xt,anpZvI+SGg6PFHPs
9314a253-96ca-4a87-9922-8aa9b55ec202,r7T0QBbuRY1p2rSj,9RVPXdjñMbRSl1uN,PrliRQiAyreXq5Xt,anpZvI+SGg6PFHPs,8nh5hxGTgEZxjnLp
28fe71d8-42cd-4a0d-a904-be73576e317b,UddQMSBY+63c/fCW,9njVgfXsUalcqh6H,fB5eeZWsMoRzt4un,nnSqsRKabHxhVRYR,bcVMWLiwgDeO5d+7
cfa5fc06-047a-4513-9cb2-2810d0661fc8,bPhhuPbhIAsrhMqQ,5CyNjobn3RC5Z0rk,HW75ZMCxyvMGTiX0,ecTJmf2udWucVq4J,kshixQqr5PNhqkTT
89ed1645-20c6-4c20-9cdb-32d80392c364,KñWZ9Erd3sZVVaxR,eU42KiKOrhAl554z,FDðVFKmV5TFrcMEJ,FP0rShRFlBECmBB+,5szCHyUIwslMu/4h
25cd7025-dc82-4899-8a85-0fdf5f89fca3,r7T0QBbuRY1p2rSj,lvb7b0n3prwWsJðv,xzlY/00W5LPQQZ5C,Mu8tsf4YYFvtcOH3,1RVC4ZgEWxyMNOCz
41b792e3-0282-4201-a308-ca74bb0a6adc,AmccHuBm317uZdeP,WkqKm4WnPesZbZOP,KñWZ9Erd3sZVVaxR,AðñCb5bVIWEFñhCu,MpX2qQv1EkxFRSu0
ba2e1f61-598a-4f0f-af08-634aa1fb4852,K1CXop0lbQAAWVrQ,tGt0e6Zw1Y3dSA4C,5EP8Y9dHAizuRivS,jj5vvtR19FoOjxQW,dhxUztwQ2zEhRi8T
14c7f578-d194-4842-8ab2-c3f5eda9f741,n1U0bKzN3pQKHdyB,Mrfd1FI8xA5wW9p7,esiLRlqrAygaQvyS,LKwTdbdTVlWlI40Y,UxAsqzzrmkA0H59ñ
30efb556-98dd-4fad-909b-4dc31683fa4d,Hz6DXFRqCjvpxjLq,sVodrrARVYtU0wSo,NS3yrSKOrhDWeW7+,ULdTVukwNxpS9iu0,MVF+FkkpTJIswlRm
ed515fd7-4708-4835-9391-6e9bce9172b0,59ArY3nRuN2X4DlZ,cCepQJñRavzTs5ñI,sVodrrARVYtU0wSo,VMx2V22ymPFWis7l,4pYwKh5Qw6MfkiSX
e4b7783d-eef9-4c95-8b3c-0dccec63cb7c,45eQgiZpuxDAkN78,DTvEmkFJT593EE21,KFNZpalZzXuJzx3G,Ea42URñ6sqOPho5M,tVgadN3fnLB5A9rl
d8506c5a-4987-4da9-b944-c384beec8e95,KFNZpalZzXuJzx3G,sZduXEcññXDXwnxY,DTvEmkFJT593EE21,45eQgiZpuxDAkN78,Ea42URñ6sqOPho5M
86ee0242-9331-437b-bf94-dbebf1e1a79f,EbaYB6uU4O+rOLZa,9njVgfXsUalcqh6H,b3a6u4hejkcmrv8J,fB5eeZWsMoRzt4un,F68kKLc0iajXHazO
75fa0c4e-1acd-4111-8e21-023a9d4ea171,KFNZpalZzXuJzx3G,sZduXEcññXDXwnxY,bcVMWLiwgDeO5d+7,P0BsNbN+2TS1bqz6,fB5eeZWsMoRzt4un
93a6797f-d9b3-410a-ad9d-59ced4739d94,NS3yrSKOrhDWeW7+,YePG9YqczOYpI3WI,MVF+FkkpTJIswlRm,vF9mbqBIpDdynvmV,Hz6DXFRqCjvpxjLq
04cb3aad-4ab5-427e-8d5e-88298680f56e,y57lWa/hv+o1qOE2,1reNjZZBGfS19LMu,EUoTvR5F9wCNsK4B,ðFVSEgv2InufIWNE,s5hPWtrtN1ZunXlJ
0af0cc81-7e90-48ae-9144-d810739b4fa4,RrUlq8yER48sMhU0,cjJslvB3WelZriIS,A4mnQOFa4iYfXoYl,/EKC6ofYSClYp05R,ytTqRKmV5TEzNc9R
69827f96-4730-46c8-bd52-bc19b7d0ee82,OEp8JgAZsjFWOwzq,ñRMVWC6x4g4QxMcI,fLdUlpFJ4IoXBHKn,GFNiK8rtxQITczð2,9p+ibYvaSGw8Tjvb
e311d1e7-3b8a-4df4-8de5-8ac029df3a40,1cMzCi57+uuPK3Kx,vnGUnhvXZmz5jupw,vvE+pJgfkbLUQgr3,CFqfNMrfk4M8V359,XT9fkKf1nPAeRv4B
a2bfba1d-fe00-44ba-a114-6cc8834a8a6b,v8nMKL0RBewD5/KR,ZWEjyuaKHPsRNo9T,54aa3K1djuxLU0A8,+jTOrqqy7tSvDUYe,JbmmMeADmV1EPQ2h
68a4ef90-c078-40fd-b2d4-894d0a342dc7,Hz6DXFRqCjvpxjLq,sVodrrARVYtU0wSo,NS3yrSKOrhDWeW7+,ULdTVukwNxpS9iu0,MVF+FkkpTJIswlRm
0ee2371d-0f73-406c-b787-43f3ae1f3dd5,hKmlC8CWo9U1yO0B,WHYQODOreHoQF31l,enEcnrGf2b7Ss83p,ZOkbyvt6OGeWkNYV,DA1L29e1h5jU3T2l
923e76ea-7ca6-41d2-860e-8ef99168138c,hM8x8TegteMkGdJ5,tGt0e6Zw1Y3dSA4C,O8fismGgñj7dE7g0,duou0mzVL/GTVEhR,jKXRQXHlwdYrLTZP
cd5bb5ed-bb96-4ba9-a243-568e5801d99c,sifOVpDfoAKFTyX5,Hz6DXFRqCjvpxjLq,EiKSJBo3ngwZrhMC,zFbnWo0ifGsmXUvh,be0GOCw8GFfW/qAM
b6b6e030-51ed-48fc-a35e-c15f4373b7ea,jbeFKx0ña12RWKnP,klEVThV/BNV3SI9A,CiqrBauU4O8n63GR,YñpKQFuSIG3ifV8N,LshygzmmcPMKMblZ
54ca75fb-a73f-4bb0-9ba8-5273e39a22c3,kUSkPuwcbz9n3xj2,LshygzmmcPMKMblZ,QfLr2Wwt55mSf4+w,CiqrBauU4O8n63GR,0f1arFa4onBð3ð4p
3ef0d509-88e0-402f-959c-2e0435d0dacd,BkipHZy3cMIjcXWM,aolFSñuycfTqjE7l,X4W10EcññXBSbMS1,KñWZ9Erd3sZVVaxR,H94tpRkO9JaivGmu
884a5fcb-848d-430a-a7e7-5968ca38fe17,cCepQJñRavzTs5ñI,KñWZ9Erd3sZVVaxR,59ArY3nRuN2X4DlZ,4pYwKh5Qw6MfkiSX,VMx2V22ymPFWis7l
28f39290-20c5-4bcf-a9d6-2158d640df44,Hz6DXFRqCjvpxjLq,sVodrrARVYtU0wSo,NS3yrSKOrhDWeW7+,ULdTVukwNxpS9iu0,MVF+FkkpTJIswlRm
c509f0c6-09d1-4fa3-b684-c372f9145eb3,6j+nVjo5WkukWC4X,oKor0N6fmR5dxnTM,YPEfljxeVM9SRKWK,mKKpNuEV0KGP7+vl,quEMVV6DZYm07k7A
bf653598-a1e1-44d5-9d97-3941c2e044ba,ULdTVukwNxpS9iu0,UjL9n3TTRa101UJG,doiS2PWiIbgX4Uhx,McZWr+HnKtyecvqa,lKTzaWkNWU3mB6E4
271206eb-0578-45e3-a148-7b51ba76d980,KñWZ9Erd3sZVVaxR,Ld16P6kdEPyIj5og,ubU7L/Lhod0tRTk4,rAkB38WZJðJynYfd,vwY+/KaDxX1w0T+y
ed48a024-b4ac-4eac-8e2d-d520cf25dc16,FGg4X8jqbfðRSGDt,bMTCXfcC6KAAqmrT,M4Xt477SrRR1cZW1,kGe0c8NnYwUdJf3J,AnV1bdZdsmQL5SCt
52018659-3c9b-434e-87fd-45a19db44ca9,Idw2OIUGdkOWaMCA,8X84IBkO9Jav7uLP,3Og6Rx4IV6q968PX,w1OC1CicHnlQaQxs,7+w3Rf7NV0/vqijL
4422cc42-341f-4b24-858c-679e51c99b77,CX+7mC57+us73GZV,ðDByWcfUsJW7xS79,eU42KiKOrhAl554z,sifOVpDfoAKFTyX5,n68aA8KrAH1NHxtY
7f33e05f-bb4f-436c-9366-55efe8990159,n1U0bKzN3pQKHdyB,LKwTdbdTVlWlI40Y,Mrfd1FI8xA5wW9p7,sGyaZ8gy9r2Cm60o,i9IUkz5pevH5PTH2
9e8fee9c-ce81-496e-b145-d0297b1b595d,ZsmUo9YsC6xSXW4q,MrfqAErsMZGNnjpA,KynfTAfQña9Od9TM,LmDxbS6Z9xDav4wI,MTZvFUIy3oCdUzpt
badedef2-0865-499e-98a8-410b34925290,jCwNjy2gHM7SYJeL,sVodrrARVYtU0wSo,U4S5Axy9GlHRSygK,QfLr2Wwt55mSf4+w,b5pdwJW/5cvfOngB
e041ff56-f129-4387-8360-e71c6e6cf03c,2TivGsQXmqtR35n0,rBO3qv82jYHC5iU9,SVntkEodGkSFRNs0,mW0NlRyHAD8r2YrO,ka2OiLVvzZha1AUD
f2fc8e37-82c4-46bb-9a1c-92c2cf2a9020,nDEpiO5OKkfcdAPB,XVZgYFDpBE/c27W3,QWYK3u9KwIYfFSVg,SSP0/3PnFkZf++M+,Z2wVLnT01dMLfrKf
59e7c34a-0d98-48f5-b9a5-988d1adecf23,8AQ0iXQ5Q6SH2qcz,cCepQJñRavzTs5ñI,ðTðk7ptCqLPUSM5W,sVodrrARVYtU0wSo,E8ZRTTkkrXlqk6l3
1a0fc402-fef5-4919-9fc5-0cf7e375acee,BoRG5d44GñQ8a3WB,s3/3QwD2gLGt4IO+,vukDddCoN+zTTxiu,9mXD1hKFðEy16KbT,990xP0lwXvQFAe5O
47340b78-9488-4bc3-81cc-dea0e9034560,mfnqkNbiWgn5AEkB,rmobfUTJl1k5TKXA,aYTMim7wjno1b25E,kzP2vBzXj2iF8Trc,c0wru9kom/zOYyQ4
3d0bbdac-6e6c-471f-a7eb-085d0c94ab3e,LmDxbS6Z9xDav4wI,MrfqAErsMZGNnjpA,7TlAmBXdyuhTJXPP,MTZvFUIy3oCdUzpt,KynfTAfQña9Od9TM
d3f34500-a106-46e9-875d-074553434f1b,jCwNjy2gHM7SYJeL,ueB2ZðaLownusA4Q,VMx2V22ymPFWis7l,KBWo1rGXmicJ+Tv/,8czzwCtSIrExuh3w
221ac5f7-5bae-4a25-a9e9-aec6d50f1876,cCepQJñRavzTs5ñI,59ArY3nRuN2X4DlZ,4pYwKh5Qw6MfkiSX,VMx2V22ymPFWis7l,sVodrrARVYtU0wSo
a760dd39-f490-43ad-9d39-6b0219f25599,rmobfUTJl1k5TKXA,c0wru9kom/zOYyQ4,kzP2vBzXj2iF8Trc,mfnqkNbiWgn5AEkB,aYTMim7wjno1b25E
02a0d8b4-839d-48b0-8c8e-b8fbae4d38d9,n1U0bKzN3pQKHdyB,DabtxzQrW7TYwl5i,LKwTdbdTVlWlI40Y,Mrfd1FI8xA5wW9p7,sGyaZ8gy9r2Cm60o
a79ca3f2-3ca3-4111-a40a-df893f181e30,Ld16P6kdEPyIj5og,5cl+0X3pRhqHK3Fu,PuXLhLm7gaJ+Kjfd,NS3yrSKOrhDWeW7+,VwJBeWzQAkTZSeY9
152b33c4-77a2-4292-8c3b-cd58c0e3d07a,w0gI/fteULp80jOD,bPhhuPbhIAsrhMqQ,yoipvH6AAPrZeaAc,6WEksNJyD1T4ZDaH,HW75ZMCxyvMGTiX0
418b1731-8f9c-4b3a-8952-1643b4a1a924,UddQMSBY+63c/fCW,9njVgfXsUalcqh6H,fB5eeZWsMoRzt4un,nnSqsRKabHxhVRYR,bcVMWLiwgDeO5d+7
21869c5a-172a-4af2-b318-2042b1e3e0a1,vAmS6YTovZxZCUwC,Hz6DXFRqCjvpxjLq,sVodrrARVYtU0wSo,KO0CñMljTIR9lje9,ULdTVukwNxpS9iu0
a1d9faac-f051-4c4c-a2db-e638c48939b5,Gð2NHzZCgðxYB5gC,3zleU6EO736Q0ulB,MrfqAErsMZGNnjpA,5np0tVrEddFkYfvC,Fqu3j1GZ+1SZLVkI
3b747c34-fc1c-4a21-ac96-c23bdb09544f,ubU7L/Lhod0tRTk4,HvzBwj8W4j6CXztk,JdudKLk6zMhM7tmG,gSnBoydqhJ0ee6F6,KCniknghkF3mAHrv
d6a9ec69-b7a1-4339-bb2d-1571538821f7,VA6l8exjGG9pkbUF,p7tqOQJP25Tr1ðCF,Y7q7n5ðOr8ATpIBN,demBxQhkmJPN2xIF,n1U0bKzN3pQKHdyB
c1fd6aa9-3d1c-4f13-9996-9173a40df51c,Eug0FkQshNKKcdMD,59ArY3nRuN2X4DlZ,hKmlC8CWo9U1yO0B,H5QbaD4FBmD7LVqW,MC8IswbB2Gw9M2zH
58c0c333-bc38-4871-b524-4d73df59194b,0B7ftPEfMCXa0O4J,JznP2ld11LFððWfC,zeeRDS24OFiDyQjL,1cMzCi57+uuPK3Kx,HSv6YmKfZICQ6ñn4
